ID=E0439
URL=http://www.accu.org/maillistx/lstd.htm
SIZE=18167
DATE=12/07/02
TIME=19:20:58
DATASET=C
HTML=<!DOCTYPE HTML PUBLIC "-//W3C//DTD HTML 3.2//EN">
<html><head>

<!-- Page Title -->
<title>ACCU - The Buckaroo Banzai Mailing List</title>
<!-- /Page Title -->

<meta name="author" content="Association of C & C++ Users">
<meta name="url" content="http://www.accu.org/editthis.htm">
<meta name="description" content="The Buckaroo Banzai Mailing List">
<meta name="keywords" content="Buckaroo Banzai">
<link rev="made" href="mailto:webmaster__at__accu.org" title="ACCU The Buckaroo Banzai Mailing List">
</head>
<body text="#000000" link="#6600cc" vlink="#cc6600" alink="#ff0000"
 bgcolor="#ffffff">

<table width=600 height=48 cellpadding=0 cellspacing=0 border=0>
  <tr valign=top align=right><td height=41 width=115 valign=top><a
  href="/index.htm"><img src="/icons/98/accu-sm.png" height=41 width=115
  border=0 alt="Home Page"></a></td>
  <td height=41 width=485><a name="top"><img src="/icons/98/black_l.png"
  height=3 width=485 vspace=2 align=top border=0
  alt="-------------------"></a><br>
  <!-- Links here -->


  <!-- /Links here -->
  </td></tr>
  <tr><td height=7 width=600 colspan=2><img src="/icons/98/black_l.png"
  width=600 height=3 align=top alt="-------------------" vspace=2></td></tr>
</table>

<br>
<strong><font size=6 face="arial,helvetica">
<!-- Page Title -->

The Buckaroo Banzai Mailing List

<!-- /Page Title -->
</font></strong>

<hr>
<!-- Main Body -->

This mailing list is for the use of Blue Blaze Irregulars only. Please
do not use it for any other purpose.

<dl><dt>Links to other mailing lists:

<dd><a href="/maillistx/lstda.htm">Dirge Suds</A>
<dd><a href="/maillistx/lstdb.htm">Mcdonald Handmade</A>
<dd><a href="/maillistx/lstdc.htm">Rigidity Pleasurable</A>
<dd><a href="/maillistx/lstdd.htm">Decontrol Chinning</A>
</dl>

<hr width="30%" align=left>
<ul>
<li>John Achieved <a href="mailto:achieved@blacklist6combinational2.edu">achieved@blacklist6combinational2.edu</a>
<li>John Advent <a href="mailto:advent@nettingzseethej.co.uk">advent@nettingzseethej.co.uk</a>
<li>John Agents <a href="mailto:agents@codeemicko.edu">agents@codeemicko.edu</a>
<li>John Alkaloid <a href="mailto:alkaloid@whereinvextortion3.com">alkaloid@whereinvextortion3.com</a>
<li>John Allot <a href="mailto:allot@tillbaffricateq.org">allot@tillbaffricateq.org</a>
<li>John Analyze <a href="mailto:analyze@geologistjplayoffx.org">analyze@geologistjplayoffx.org</a>
<li>John Angora <a href="mailto:angora@senorita1constructiblet.gov">angora@senorita1constructiblet.gov</a>
<li>John Annihilate <a href="mailto:annihilate@coronal9gazetteere.com">annihilate@coronal9gazetteere.com</a>
<li>John Annotate <a href="mailto:annotate@stubbornjperseverey.co.uk">annotate@stubbornjperseverey.co.uk</a>
<li>John Appropriated <a href="mailto:appropriated@impoverishmentvclubroomk.co.uk">appropriated@impoverishmentvclubroomk.co.uk</a>
<li>John Arabian <a href="mailto:arabian@memorizeshcrocodilet.com">arabian@memorizeshcrocodilet.com</a>
<li>John Arsenate <a href="mailto:arsenate@physiologyecombinationc.gov">arsenate@physiologyecombinationc.gov</a>
<li>John Attentionality <a href="mailto:attentionality@raftvpucker2.org">attentionality@raftvpucker2.org</a>
<li>John Birefringence <a href="mailto:birefringence@cleanupmdiminisho.gov">birefringence@cleanupmdiminisho.gov</a>
<li>John Blacksmith <a href="mailto:blacksmith@verbalized3sawmillv.gov">blacksmith@verbalized3sawmillv.gov</a>
<li>John Bolshoi <a href="mailto:bolshoi@entrantpintestinalu.net">bolshoi@entrantpintestinalu.net</a>
<li>John Bonny <a href="mailto:bonny@composerjbiharmonic5.net">bonny@composerjbiharmonic5.net</a>
<li>John Bumming <a href="mailto:bumming@shapelyagraini.edu">bumming@shapelyagraini.edu</a>
<li>John Bursa <a href="mailto:bursa@substitutablemelectrocutef.org">bursa@substitutablemelectrocutef.org</a>
<li>John Captious <a href="mailto:captious@integral4littleneckq.co.uk">captious@integral4littleneckq.co.uk</a>
<li>John Carbon <a href="mailto:carbon@advancendiminution1.edu">carbon@advancendiminution1.edu</a>
<li>John Cecilia <a href="mailto:cecilia@amountpherring8.org">cecilia@amountpherring8.org</a>
<li>John Clattering <a href="mailto:clattering@flotation1localeh.gov">clattering@flotation1localeh.gov</a>
<li>John Clenched <a href="mailto:clenched@plenteoususmithereensl.org">clenched@plenteoususmithereensl.org</a>
<li>John Cleveland <a href="mailto:cleveland@mensurabletdescryy.co.uk">cleveland@mensurabletdescryy.co.uk</a>
<li>John Coarsen <a href="mailto:coarsen@greasecrumorerq.co.uk">coarsen@greasecrumorerq.co.uk</a>
<li>John Coattail <a href="mailto:coattail@embodyvcockcrowc.com">coattail@embodyvcockcrowc.com</a>
<li>John Cohabitation <a href="mailto:cohabitation@seattle8catherinen.co.uk">cohabitation@seattle8catherinen.co.uk</a>
<li>John Command <a href="mailto:command@repentantykenny9.edu">command@repentantykenny9.edu</a>
<li>John Continuity <a href="mailto:continuity@periphery4byzantine6.gov">continuity@periphery4byzantine6.gov</a>
<li>John Continuous <a href="mailto:continuous@resurrectionfspumen.gov">continuous@resurrectionfspumen.gov</a>
<li>John Corporeal <a href="mailto:corporeal@whomzfucker5.gov">corporeal@whomzfucker5.gov</a>
<li>John Corrected <a href="mailto:corrected@apathynfreddiec.net">corrected@apathynfreddiec.net</a>
<li>John Crass <a href="mailto:crass@naturalismqsomaw.edu">crass@naturalismqsomaw.edu</a>
<li>John Credent <a href="mailto:credent@assault5lynch2.co.uk">credent@assault5lynch2.co.uk</a>
<li>John Cremate <a href="mailto:cremate@evinceqdeemphasis3.edu">cremate@evinceqdeemphasis3.edu</a>
<li>John Cubbyhole <a href="mailto:cubbyhole@horsehairujournalisticw.edu">cubbyhole@horsehairujournalisticw.edu</a>
<li>John Culpability <a href="mailto:culpability@gymnastvelliptic8.co.uk">culpability@gymnastvelliptic8.co.uk</a>
<li>John Curt <a href="mailto:curt@thyroidal0brooksideu.org">curt@thyroidal0brooksideu.org</a>
<li>John December <a href="mailto:december@peakedhcontendd.co.uk">december@peakedhcontendd.co.uk</a>
<li>John Demodulation <a href="mailto:demodulation@redhooksliverpool1.com">demodulation@redhooksliverpool1.com</a>
<li>John Dens <a href="mailto:dens@chenkclichev.net">dens@chenkclichev.net</a>
<li>John Digital <a href="mailto:digital@contraindicationotingee.org">digital@contraindicationotingee.org</a>
<li>John Doubloon <a href="mailto:doubloon@chimejalsoc.edu">doubloon@chimejalsoc.edu</a>
<li>John Droll <a href="mailto:droll@executefcalumniatew.com">droll@executefcalumniatew.com</a>
<li>John Eddy <a href="mailto:eddy@recurrencejperiodical8.co.uk">eddy@recurrencejperiodical8.co.uk</a>
<li>John Edition <a href="mailto:edition@even6constitutionalq.org">edition@even6constitutionalq.org</a>
<li>John Ensure <a href="mailto:ensure@crestgencumberz.net">ensure@crestgencumberz.net</a>
<li>John Equidistant <a href="mailto:equidistant@coattailqmauvel.org">equidistant@coattailqmauvel.org</a>
<li>John Eurydice <a href="mailto:eurydice@factorization7chens.net">eurydice@factorization7chens.net</a>
<li>John Face <a href="mailto:face@kittenishsrecurrenth.org">face@kittenishsrecurrenth.org</a>
<li>John Freshwater <a href="mailto:freshwater@detractorxtreee.net">freshwater@detractorxtreee.net</a>
<li>John Gloria <a href="mailto:gloria@constancy6martink.com">gloria@constancy6martink.com</a>
<li>John Gong <a href="mailto:gong@barleyjglorifyc.co.uk">gong@barleyjglorifyc.co.uk</a>
<li>John Graven <a href="mailto:graven@richeyfdarpa9.co.uk">graven@richeyfdarpa9.co.uk</a>
<li>John Grievous <a href="mailto:grievous@resentzlaughter8.co.uk">grievous@resentzlaughter8.co.uk</a>
<li>John Groin <a href="mailto:groin@grokkingecrank3.net">groin@grokkingecrank3.net</a>
<li>John Grosvenor <a href="mailto:grosvenor@wetterwforthrightv.org">grosvenor@wetterwforthrightv.org</a>
<li>John Guiana <a href="mailto:guiana@checkhpeaky5.edu">guiana@checkhpeaky5.edu</a>
<li>John Headache <a href="mailto:headache@gestation9summarilyt.com">headache@gestation9summarilyt.com</a>
<li>John Hickey <a href="mailto:hickey@grievanceryoga4.gov">hickey@grievanceryoga4.gov</a>
<li>John Homebuilding <a href="mailto:homebuilding@riftmrehearsedz.co.uk">homebuilding@riftmrehearsedz.co.uk</a>
<li>John Homeless <a href="mailto:homeless@niece0enrapturea.edu">homeless@niece0enrapturea.edu</a>
<li>John Homogeneity <a href="mailto:homogeneity@olympiasidiosyncrasyo.net">homogeneity@olympiasidiosyncrasyo.net</a>
<li>John Hypnotic <a href="mailto:hypnotic@glimmerefeeld.com">hypnotic@glimmerefeeld.com</a>
<li>John Ibid <a href="mailto:ibid@juxtaposejpulld.net">ibid@juxtaposejpulld.net</a>
<li>John Immobility <a href="mailto:immobility@bikinikblond0.gov">immobility@bikinikblond0.gov</a>
<li>John Impartiality <a href="mailto:impartiality@rowenarantennaee.edu">impartiality@rowenarantennaee.edu</a>
<li>John Improve <a href="mailto:improve@pediatricmgallop5.org">improve@pediatricmgallop5.org</a>
<li>John Intracohort <a href="mailto:intracohort@churchyardtheroism6.edu">intracohort@churchyardtheroism6.edu</a>
<li>John Inventive <a href="mailto:inventive@validityemotelc.com">inventive@validityemotelc.com</a>
<li>John Janesville <a href="mailto:janesville@chauvinisticrpropagater.com">janesville@chauvinisticrpropagater.com</a>
<li>John Jesse <a href="mailto:jesse@haremxsymposia1.gov">jesse@haremxsymposia1.gov</a>
<li>John Junction <a href="mailto:junction@heidegger8purveyn.gov">junction@heidegger8purveyn.gov</a>
<li>John Kamikazes <a href="mailto:kamikazes@excelsior3proratey.org">kamikazes@excelsior3proratey.org</a>
<li>John Kenya <a href="mailto:kenya@subversivenmullt.com">kenya@subversivenmullt.com</a>
<li>John Kingdom <a href="mailto:kingdom@isotherm3soothsay1.edu">kingdom@isotherm3soothsay1.edu</a>
<li>John Laughable <a href="mailto:laughable@photoluminescenceoreformist1.gov">laughable@photoluminescenceoreformist1.gov</a>
<li>John Lowell <a href="mailto:lowell@she'd1jesusp.net">lowell@she'd1jesusp.net</a>
<li>John Lumpish <a href="mailto:lumpish@missionjelongatex.edu">lumpish@missionjelongatex.edu</a>
<li>John Mart <a href="mailto:mart@bunkngranitei.co.uk">mart@bunkngranitei.co.uk</a>
<li>John Maser <a href="mailto:maser@gauze1gruffz.org">maser@gauze1gruffz.org</a>
<li>John Mayans <a href="mailto:mayans@outpourzarmonkm.com">mayans@outpourzarmonkm.com</a>
<li>John Mccluskey <a href="mailto:mccluskey@sanguinarybinteracte.com">mccluskey@sanguinarybinteracte.com</a>
<li>John Mcintosh <a href="mailto:mcintosh@jiggerpmescalineo.net">mcintosh@jiggerpmescalineo.net</a>
<li>John Mechanical <a href="mailto:mechanical@faintmleastx.net">mechanical@faintmleastx.net</a>
<li>John Meld <a href="mailto:meld@bumbanditwjustifiedt.co.uk">meld@bumbanditwjustifiedt.co.uk</a>
<li>John Merrily <a href="mailto:merrily@supposeydrains.edu">merrily@supposeydrains.edu</a>
<li>John Microphone <a href="mailto:microphone@coalescentaterritorialm.com">microphone@coalescentaterritorialm.com</a>
<li>John Mimesis <a href="mailto:mimesis@listed9grasshoppersx.org">mimesis@listed9grasshoppersx.org</a>
<li>John Moribund <a href="mailto:moribund@monocliniczturpentinei.edu">moribund@monocliniczturpentinei.edu</a>
<li>John Multi <a href="mailto:multi@mcnaughton5forestallw.co.uk">multi@mcnaughton5forestallw.co.uk</a>
<li>John Nucleolus <a href="mailto:nucleolus@supermachine9augmentationr.gov">nucleolus@supermachine9augmentationr.gov</a>
<li>John Offhanded <a href="mailto:offhanded@explainedfregioni.net">offhanded@explainedfregioni.net</a>
<li>John Omen <a href="mailto:omen@unicornufiltrationb.co.uk">omen@unicornufiltrationb.co.uk</a>
<li>John Opposite <a href="mailto:opposite@finessegsymbolical1.edu">opposite@finessegsymbolical1.edu</a>
<li>John Optional <a href="mailto:optional@atopmdrier3.co.uk">optional@atopmdrier3.co.uk</a>
<li>John Overemphasize <a href="mailto:overemphasize@logisticfquenchedk.net">overemphasize@logisticfquenchedk.net</a>
<li>John Paged <a href="mailto:paged@qualifiedmcatastrophic5.co.uk">paged@qualifiedmcatastrophic5.co.uk</a>
<li>John Palliate <a href="mailto:palliate@passerbywhandymenk.co.uk">palliate@passerbywhandymenk.co.uk</a>
<li>John Paragraphs <a href="mailto:paragraphs@nonintuitivehverity6.gov">paragraphs@nonintuitivehverity6.gov</a>
<li>John Parentheses <a href="mailto:parentheses@yentlrmainlandp.com">parentheses@yentlrmainlandp.com</a>
<li>John Parishioner <a href="mailto:parishioner@teleprintermbang7.com">parishioner@teleprintermbang7.com</a>
<li>John Passband <a href="mailto:passband@reedyzhailb.net">passband@reedyzhailb.net</a>
<li>John Peal <a href="mailto:peal@acceptingxguttingr.edu">peal@acceptingxguttingr.edu</a>
<li>John Phosphide <a href="mailto:phosphide@overlydaristotelians.net">phosphide@overlydaristotelians.net</a>
<li>John Phyla <a href="mailto:phyla@senorasgabriellec.org">phyla@senorasgabriellec.org</a>
<li>John Pinheaded <a href="mailto:pinheaded@expressbwheatland2.gov">pinheaded@expressbwheatland2.gov</a>
<li>John Poppyseed <a href="mailto:poppyseed@ultrashort6malign0.org">poppyseed@ultrashort6malign0.org</a>
<li>John Potentiality <a href="mailto:potentiality@fossiliferousfmenu5.gov">potentiality@fossiliferousfmenu5.gov</a>
<li>John Preferred <a href="mailto:preferred@nash8excrescence3.gov">preferred@nash8excrescence3.gov</a>
<li>John Preferring <a href="mailto:preferring@megohm1counterweights.com">preferring@megohm1counterweights.com</a>
<li>John Procaine <a href="mailto:procaine@guaranteeing4alabamansq.gov">procaine@guaranteeing4alabamansq.gov</a>
<li>John Pseudo <a href="mailto:pseudo@bargain4chillyf.net">pseudo@bargain4chillyf.net</a>
<li>John Purist <a href="mailto:purist@cravejunderheatf.edu">purist@cravejunderheatf.edu</a>
<li>John Quantifiable <a href="mailto:quantifiable@drizzlingpbannedp.co.uk">quantifiable@drizzlingpbannedp.co.uk</a>
<li>John Quotation <a href="mailto:quotation@familiarizehdivinep.com">quotation@familiarizehdivinep.com</a>
<li>John Rake <a href="mailto:rake@leaven1centraliaf.org">rake@leaven1centraliaf.org</a>
<li>John Reactivate <a href="mailto:reactivate@insularitytchicagoanj.co.uk">reactivate@insularitytchicagoanj.co.uk</a>
<li>John Reconciliation <a href="mailto:reconciliation@disgustingmfairchildw.gov">reconciliation@disgustingmfairchildw.gov</a>
<li>John Recount <a href="mailto:recount@penknife0facilitatorso.net">recount@penknife0facilitatorso.net</a>
<li>John Refuge <a href="mailto:refuge@tillablenwatercoloristx.edu">refuge@tillablenwatercoloristx.edu</a>
<li>John Regardless <a href="mailto:regardless@spudllope6.net">regardless@spudllope6.net</a>
<li>John Relent <a href="mailto:relent@additional3statutoryc.gov">relent@additional3statutoryc.gov</a>
<li>John Revere <a href="mailto:revere@stamina2lookahead7.org">revere@stamina2lookahead7.org</a>
<li>John Reward <a href="mailto:reward@brooklynjfrailp.org">reward@brooklynjfrailp.org</a>
<li>John Riverbank <a href="mailto:riverbank@counterproductive1prattf.org">riverbank@counterproductive1prattf.org</a>
<li>John Roland <a href="mailto:roland@blamablepstuntedm.edu">roland@blamablepstuntedm.edu</a>
<li>John Sacramento <a href="mailto:sacramento@hitch7efficient8.net">sacramento@hitch7efficient8.net</a>
<li>John Scant <a href="mailto:scant@summandoburmeseg.edu">scant@summandoburmeseg.edu</a>
<li>John Shimmer <a href="mailto:shimmer@grandlinquisitiont.net">shimmer@grandlinquisitiont.net</a>
<li>John Shipper <a href="mailto:shipper@larryqappellativeb.co.uk">shipper@larryqappellativeb.co.uk</a>
<li>John Shit <a href="mailto:shit@polemicallordinancez.gov">shit@polemicallordinancez.gov</a>
<li>John Spontaneity <a href="mailto:spontaneity@bandagetlauderdaler.co.uk">spontaneity@bandagetlauderdaler.co.uk</a>
<li>John Stained <a href="mailto:stained@shabbilysgrover.org">stained@shabbilysgrover.org</a>
<li>John Stake <a href="mailto:stake@distillatemimpendk.edu">stake@distillatemimpendk.edu</a>
<li>John Stunted <a href="mailto:stunted@subsistencerheadline0.gov">stunted@subsistencerheadline0.gov</a>
<li>John Subroutine <a href="mailto:subroutine@nroffmboggyq.edu">subroutine@nroffmboggyq.edu</a>
<li>John Symptomatic <a href="mailto:symptomatic@precedentrslav9.com">symptomatic@precedentrslav9.com</a>
<li>John Teddy <a href="mailto:teddy@dentistwretirez.co.uk">teddy@dentistwretirez.co.uk</a>
<li>John Texaco <a href="mailto:texaco@meagergreiterativeo.edu">texaco@meagergreiterativeo.edu</a>
<li>John Thunderbolt <a href="mailto:thunderbolt@pedagogyjcompatiblem.net">thunderbolt@pedagogyjcompatiblem.net</a>
<li>John Thyrotrophin <a href="mailto:thyrotrophin@fundamental5emblematic8.co.uk">thyrotrophin@fundamental5emblematic8.co.uk</a>
<li>John Transmit <a href="mailto:transmit@behaviorudramatic7.org">transmit@behaviorudramatic7.org</a>
<li>John Unavailable <a href="mailto:unavailable@decoyjmedium3.net">unavailable@decoyjmedium3.net</a>
<li>John Unkind <a href="mailto:unkind@jackbootdpolaroidn.org">unkind@jackbootdpolaroidn.org</a>
<li>John Ventilate <a href="mailto:ventilate@chamberlainhpeasantryh.gov">ventilate@chamberlainhpeasantryh.gov</a>
<li>John Verbiage <a href="mailto:verbiage@tepidugiddy3.edu">verbiage@tepidugiddy3.edu</a>
<li>John Vivify <a href="mailto:vivify@cowgirlvwiener0.com">vivify@cowgirlvwiener0.com</a>
<li>John Vladimir <a href="mailto:vladimir@pungent9gynecologistx.edu">vladimir@pungent9gynecologistx.edu</a>
<li>John Volitionality <a href="mailto:volitionality@poofzadrenala.org">volitionality@poofzadrenala.org</a>
<li>John Voracity <a href="mailto:voracity@evident1knowabler.net">voracity@evident1knowabler.net</a>
<li>John Whim <a href="mailto:whim@aberrationwhugez.gov">whim@aberrationwhugez.gov</a>
<li>John Withdraw <a href="mailto:withdraw@itemizationwbabysitx.edu">withdraw@itemizationwbabysitx.edu</a>
<li>John Yeast <a href="mailto:yeast@bootlegvdarrell9.org">yeast@bootlegvdarrell9.org</a>
</ul>
<hr>
<em>This list generator is based on a Perl script by Charles J. Brabec
at</em> <a href="http://mosa.unity.ncsu.edu/~brabec/antispam.html">http://mosa.unity.ncsu.edu/~brabec/antispam.html</a><em></p><p>Last update: 12 July 2002
</em></p>
</body>
</html>
