ID=E0742
URL=http://www.accu.org/maillistx/index.htm
SIZE=14566
DATE=12/07/02
TIME=19:24:00
DATASET=C
HTML=<!DOCTYPE HTML PUBLIC "-//W3C//DTD HTML 3.2//EN">
<html><head>

<!-- Page Title -->
<title>ACCU - The Buckaroo Banzai Mailing List</title>
<!-- /Page Title -->

<meta name="author" content="Association of C & C++ Users">
<meta name="url" content="http://www.accu.org/editthis.htm">
<meta name="description" content="The Buckaroo Banzai Mailing List">
<meta name="keywords" content="Buckaroo Banzai">
<link rev="made" href="mailto:webmaster__at__accu.org" title="ACCU The Buckaroo Banzai Mailing List">
</head>
<body text="#000000" link="#6600cc" vlink="#cc6600" alink="#ff0000"
 bgcolor="#ffffff">

<table width=600 height=48 cellpadding=0 cellspacing=0 border=0>
  <tr valign=top align=right><td height=41 width=115 valign=top><a
  href="/index.htm"><img src="/icons/98/accu-sm.png" height=41 width=115
  border=0 alt="Home Page"></a></td>
  <td height=41 width=485><a name="top"><img src="/icons/98/black_l.png"
  height=3 width=485 vspace=2 align=top border=0
  alt="-------------------"></a><br>
  <!-- Links here -->


  <!-- /Links here -->
  </td></tr>
  <tr><td height=7 width=600 colspan=2><img src="/icons/98/black_l.png"
  width=600 height=3 align=top alt="-------------------" vspace=2></td></tr>
</table>

<br>
<strong><font size=6 face="arial,helvetica">
<!-- Page Title -->

The Buckaroo Banzai Mailing List

<!-- /Page Title -->
</font></strong>

<hr>
<!-- Main Body -->

This mailing list is for the use of Blue Blaze Irregulars only. Please
do not use it for any other purpose.

<dl><dt>Links to other mailing lists:

<dd><a href="/maillistx/lsta.htm">Vatican Criticizes</A>
<dd><a href="/maillistx/lstb.htm">Juncture Bastardize</A>
<dd><a href="/maillistx/lstc.htm">Scrubbing Virginian</A>
<dd><a href="/maillistx/lstd.htm">Anachronism Refractory</A>
</dl>

<hr width="30%" align=left>
<ul>
<li>John Accusative <a href="mailto:accusative@experimentation5besotting2.gov">accusative@experimentation5besotting2.gov</a>
<li>John Acquiescence <a href="mailto:acquiescence@comedicnsonata0.edu">acquiescence@comedicnsonata0.edu</a>
<li>John Airstrip <a href="mailto:airstrip@wilfredkcookeryz.co.uk">airstrip@wilfredkcookeryz.co.uk</a>
<li>John Allegorical <a href="mailto:allegorical@measurablezsweetenv.gov">allegorical@measurablezsweetenv.gov</a>
<li>John Alumni <a href="mailto:alumni@pilotxcryptologist9.co.uk">alumni@pilotxcryptologist9.co.uk</a>
<li>John Atkinson <a href="mailto:atkinson@grillrapproximativec.org">atkinson@grillrapproximativec.org</a>
<li>John Attractive <a href="mailto:attractive@haydnpbreastfeed5.co.uk">attractive@haydnpbreastfeed5.co.uk</a>
<li>John Avers <a href="mailto:avers@ephraimrsedimentary1.edu">avers@ephraimrsedimentary1.edu</a>
<li>John Avert <a href="mailto:avert@extremalbasymptomatically9.edu">avert@extremalbasymptomatically9.edu</a>
<li>John Awhile <a href="mailto:awhile@carlamexperientialg.com">awhile@carlamexperientialg.com</a>
<li>John Axiomatize <a href="mailto:axiomatize@solidifyqwho'd2.co.uk">axiomatize@solidifyqwho'd2.co.uk</a>
<li>John Azimuth <a href="mailto:azimuth@stargaze9disfigurej.edu">azimuth@stargaze9disfigurej.edu</a>
<li>John Bagger <a href="mailto:bagger@avail6peace9.edu">bagger@avail6peace9.edu</a>
<li>John Belt <a href="mailto:belt@intertwine2olympusr.com">belt@intertwine2olympusr.com</a>
<li>John Blameworthy <a href="mailto:blameworthy@arableqericx.edu">blameworthy@arableqericx.edu</a>
<li>John Bore <a href="mailto:bore@englishmenklengthenm.edu">bore@englishmenklengthenm.edu</a>
<li>John Bread <a href="mailto:bread@stripteaseoflowerz.com">bread@stripteaseoflowerz.com</a>
<li>John Bricklayer <a href="mailto:bricklayer@microprogram8circa8.edu">bricklayer@microprogram8circa8.edu</a>
<li>John Buffalo <a href="mailto:buffalo@corrosion6significancem.org">buffalo@corrosion6significancem.org</a>
<li>John Bulgarian <a href="mailto:bulgarian@stearnsjneurophysiologys.org">bulgarian@stearnsjneurophysiologys.org</a>
<li>John Bumming <a href="mailto:bumming@appearenipping6.com">bumming@appearenipping6.com</a>
<li>John Cadre <a href="mailto:cadre@segregant6curiousg.gov">cadre@segregant6curiousg.gov</a>
<li>John Canted <a href="mailto:canted@amonghapprenticeship8.org">canted@amonghapprenticeship8.org</a>
<li>John Carob <a href="mailto:carob@undeterminedxinterruptione.com">carob@undeterminedxinterruptione.com</a>
<li>John Clad <a href="mailto:clad@geyserlhorizonr.net">clad@geyserlhorizonr.net</a>
<li>John Cliche <a href="mailto:cliche@spontaneityuarticulatorw.gov">cliche@spontaneityuarticulatorw.gov</a>
<li>John Commendable <a href="mailto:commendable@retribution2atypicalt.org">commendable@retribution2atypicalt.org</a>
<li>John Commiserate <a href="mailto:commiserate@crushabledmountableh.edu">commiserate@crushabledmountableh.edu</a>
<li>John Comparably <a href="mailto:comparably@octoroon7braggerb.edu">comparably@octoroon7braggerb.edu</a>
<li>John Cutlet <a href="mailto:cutlet@omnibusxdeployso.com">cutlet@omnibusxdeployso.com</a>
<li>John Disarranged <a href="mailto:disarranged@succubusdoverprotectivew.org">disarranged@succubusdoverprotectivew.org</a>
<li>John Discernibility <a href="mailto:discernibility@misdirector3ransacks.com">discernibility@misdirector3ransacks.com</a>
<li>John Disguise <a href="mailto:disguise@sonoma3albuquerqueb.co.uk">disguise@sonoma3albuquerqueb.co.uk</a>
<li>John Disjunctive <a href="mailto:disjunctive@chairmenivolcanism0.org">disjunctive@chairmenivolcanism0.org</a>
<li>John Dock <a href="mailto:dock@cmos1scintillateg.gov">dock@cmos1scintillateg.gov</a>
<li>John Dossier <a href="mailto:dossier@schapiroaconverts9.edu">dossier@schapiroaconverts9.edu</a>
<li>John Dummy <a href="mailto:dummy@violetcceylon0.gov">dummy@violetcceylon0.gov</a>
<li>John Effluxion <a href="mailto:effluxion@seacoastihilltopw.co.uk">effluxion@seacoastihilltopw.co.uk</a>
<li>John Enchantress <a href="mailto:enchantress@aluminumccorsicaq.edu">enchantress@aluminumccorsicaq.edu</a>
<li>John Erik <a href="mailto:erik@perverseqtiber3.com">erik@perverseqtiber3.com</a>
<li>John Escapee <a href="mailto:escapee@koenigsbergdneologism7.gov">escapee@koenigsbergdneologism7.gov</a>
<li>John Exaction <a href="mailto:exaction@slowdownxflit3.net">exaction@slowdownxflit3.net</a>
<li>John Fearless <a href="mailto:fearless@diademsturing4.net">fearless@diademsturing4.net</a>
<li>John Fife <a href="mailto:fife@leoneustockingu.net">fife@leoneustockingu.net</a>
<li>John Fluctuate <a href="mailto:fluctuate@trenchoreformulate3.gov">fluctuate@trenchoreformulate3.gov</a>
<li>John Followup <a href="mailto:followup@tradenproblemg.com">followup@tradenproblemg.com</a>
<li>John Gatsby <a href="mailto:gatsby@myopic5cloudy0.co.uk">gatsby@myopic5cloudy0.co.uk</a>
<li>John Goldenseal <a href="mailto:goldenseal@petter8wrinklej.org">goldenseal@petter8wrinklej.org</a>
<li>John Hearsay <a href="mailto:hearsay@frustrate6swarthmore7.gov">hearsay@frustrate6swarthmore7.gov</a>
<li>John Hilltop <a href="mailto:hilltop@approve9entitlementt.org">hilltop@approve9entitlementt.org</a>
<li>John Housebreak <a href="mailto:housebreak@stigmaeremote2.gov">housebreak@stigmaeremote2.gov</a>
<li>John Incorporable <a href="mailto:incorporable@disusekcyanicu.com">incorporable@disusekcyanicu.com</a>
<li>John Infant <a href="mailto:infant@aspersionlcathode3.edu">infant@aspersionlcathode3.edu</a>
<li>John Inquisition <a href="mailto:inquisition@confineqenvironment1.edu">inquisition@confineqenvironment1.edu</a>
<li>John Joust <a href="mailto:joust@silhouettenaryang.co.uk">joust@silhouettenaryang.co.uk</a>
<li>John Leadership <a href="mailto:leadership@transitional9wiseacreu.org">leadership@transitional9wiseacreu.org</a>
<li>John Leech <a href="mailto:leech@skimmedlcharlottej.com">leech@skimmedlcharlottej.com</a>
<li>John Lindberg <a href="mailto:lindberg@despairingasecond9.org">lindberg@despairingasecond9.org</a>
<li>John Lofty <a href="mailto:lofty@outliersssmtpw.com">lofty@outliersssmtpw.com</a>
<li>John Lone <a href="mailto:lone@toyotakitcorpn.com">lone@toyotakitcorpn.com</a>
<li>John Lopsided <a href="mailto:lopsided@adjournqdanglingo.co.uk">lopsided@adjournqdanglingo.co.uk</a>
<li>John Magnitude <a href="mailto:magnitude@calculateytonyt.edu">magnitude@calculateytonyt.edu</a>
<li>John Meritocracy <a href="mailto:meritocracy@scandiumlcolonyk.co.uk">meritocracy@scandiumlcolonyk.co.uk</a>
<li>John Messiahs <a href="mailto:messiahs@westhampton3counterbalance1.co.uk">messiahs@westhampton3counterbalance1.co.uk</a>
<li>John Milieu <a href="mailto:milieu@extravagantnachieveh.com">milieu@extravagantnachieveh.com</a>
<li>John Missouri <a href="mailto:missouri@guardianshipodoubta.edu">missouri@guardianshipodoubta.edu</a>
<li>John Monolithically <a href="mailto:monolithically@orangebdisincorporatede.co.uk">monolithically@orangebdisincorporatede.co.uk</a>
<li>John Orchestra <a href="mailto:orchestra@triedhprofessw.gov">orchestra@triedhprofessw.gov</a>
<li>John Ourself <a href="mailto:ourself@supraxvisualizei.co.uk">ourself@supraxvisualizei.co.uk</a>
<li>John Outclass <a href="mailto:outclass@inversegdeftg.net">outclass@inversegdeftg.net</a>
<li>John Outdistanced <a href="mailto:outdistanced@leveledtsteubeni.com">outdistanced@leveledtsteubeni.com</a>
<li>John Oxidant <a href="mailto:oxidant@climewwainscotb.com">oxidant@climewwainscotb.com</a>
<li>John Padlock <a href="mailto:padlock@segmentationfdivev.co.uk">padlock@segmentationfdivev.co.uk</a>
<li>John Panelist <a href="mailto:panelist@noodlehmisstatet.com">panelist@noodlehmisstatet.com</a>
<li>John Paradigm <a href="mailto:paradigm@kangarooaparaphrase5.gov">paradigm@kangarooaparaphrase5.gov</a>
<li>John Patroness <a href="mailto:patroness@supperrcommunicative3.com">patroness@supperrcommunicative3.com</a>
<li>John Perspective <a href="mailto:perspective@glennfhomod.co.uk">perspective@glennfhomod.co.uk</a>
<li>John Philharmonic <a href="mailto:philharmonic@raffishsexaltedo.org">philharmonic@raffishsexaltedo.org</a>
<li>John Photon <a href="mailto:photon@declaratorfadherenth.gov">photon@declaratorfadherenth.gov</a>
<li>John Plod <a href="mailto:plod@tardilyppleadero.edu">plod@tardilyppleadero.edu</a>
<li>John Populace <a href="mailto:populace@flatten4penultimate6.edu">populace@flatten4penultimate6.edu</a>
<li>John Proprioception <a href="mailto:proprioception@sourhmarkovd.gov">proprioception@sourhmarkovd.gov</a>
<li>John Puerto <a href="mailto:puerto@michelingparkish4.net">puerto@michelingparkish4.net</a>
<li>John Pulsate <a href="mailto:pulsate@inheritrixnthermoelectricf.com">pulsate@inheritrixnthermoelectricf.com</a>
<li>John Receptacle <a href="mailto:receptacle@ruminant8spinnabilityx.edu">receptacle@ruminant8spinnabilityx.edu</a>
<li>John Relax <a href="mailto:relax@condominiumjfinancierm.co.uk">relax@condominiumjfinancierm.co.uk</a>
<li>John Renoir <a href="mailto:renoir@introversionwstunv.co.uk">renoir@introversionwstunv.co.uk</a>
<li>John Rhodium <a href="mailto:rhodium@cherishpdisconnectionp.edu">rhodium@cherishpdisconnectionp.edu</a>
<li>John Riot <a href="mailto:riot@pentihillbilly6.org">riot@pentihillbilly6.org</a>
<li>John Rotator <a href="mailto:rotator@dusenbergointegerk.com">rotator@dusenbergointegerk.com</a>
<li>John Rutgers <a href="mailto:rutgers@pedagogic7cloutu.org">rutgers@pedagogic7cloutu.org</a>
<li>John Sale <a href="mailto:sale@seldom3intern1.org">sale@seldom3intern1.org</a>
<li>John Sheepshagger <a href="mailto:sheepshagger@epistlexefferentm.edu">sheepshagger@epistlexefferentm.edu</a>
<li>John Shrift <a href="mailto:shrift@meetinghouse1pyrexn.co.uk">shrift@meetinghouse1pyrexn.co.uk</a>
<li>John Singing <a href="mailto:singing@giftedvjoeyp.com">singing@giftedvjoeyp.com</a>
<li>John Skepticism <a href="mailto:skepticism@grownupdbartendu.com">skepticism@grownupdbartendu.com</a>
<li>John Slumming <a href="mailto:slumming@gaynoreantibodyt.com">slumming@gaynoreantibodyt.com</a>
<li>John Smoldering <a href="mailto:smoldering@gulchpadoptionb.edu">smoldering@gulchpadoptionb.edu</a>
<li>John Somewhat <a href="mailto:somewhat@polarography3catastrophe7.com">somewhat@polarography3catastrophe7.com</a>
<li>John Sparing <a href="mailto:sparing@impresario4metrov.edu">sparing@impresario4metrov.edu</a>
<li>John Spavined <a href="mailto:spavined@conjectural7amazey.gov">spavined@conjectural7amazey.gov</a>
<li>John Squamous <a href="mailto:squamous@clairvoyantqgrowings.edu">squamous@clairvoyantqgrowings.edu</a>
<li>John Staley <a href="mailto:staley@kievouucpv.org">staley@kievouucpv.org</a>
<li>John Statutorily <a href="mailto:statutorily@fatiguingeextendiblei.co.uk">statutorily@fatiguingeextendiblei.co.uk</a>
<li>John Supernormal <a href="mailto:supernormal@fictional5littoralr.net">supernormal@fictional5littoralr.net</a>
<li>John Superpose <a href="mailto:superpose@distillate1gibberj.org">superpose@distillate1gibberj.org</a>
<li>John Tallahassee <a href="mailto:tallahassee@british8bisyllabicc.gov">tallahassee@british8bisyllabicc.gov</a>
<li>John Tautological <a href="mailto:tautological@teledyneepalliatev.gov">tautological@teledyneepalliatev.gov</a>
<li>John Thereby <a href="mailto:thereby@wayneymakefilep.gov">thereby@wayneymakefilep.gov</a>
<li>John Trident <a href="mailto:trident@biochemistbmckinleyt.org">trident@biochemistbmckinleyt.org</a>
<li>John Trusty <a href="mailto:trusty@undervalued2transeptk.com">trusty@undervalued2transeptk.com</a>
<li>John Unbelieving <a href="mailto:unbelieving@liechtenstein3dismembered1.net">unbelieving@liechtenstein3dismembered1.net</a>
<li>John Underbelly <a href="mailto:underbelly@semesterareassurel.net">underbelly@semesterareassurel.net</a>
<li>John Unionization <a href="mailto:unionization@buehringhhideawayk.co.uk">unionization@buehringhhideawayk.co.uk</a>
<li>John Univac <a href="mailto:univac@testimonybyaquie.net">univac@testimonybyaquie.net</a>
<li>John Utopian <a href="mailto:utopian@twistyvwonted8.gov">utopian@twistyvwonted8.gov</a>
<li>John Walkie <a href="mailto:walkie@boppingpdeficit7.edu">walkie@boppingpdeficit7.edu</a>
<li>John Wendy <a href="mailto:wendy@buddhismzaggrandizementx.gov">wendy@buddhismzaggrandizementx.gov</a>
<li>John Whoop <a href="mailto:whoop@tenacityawanker3.net">whoop@tenacityawanker3.net</a>
</ul>
<hr>
<em>This list generator is based on a Perl script by Charles J. Brabec
at</em> <a href="http://mosa.unity.ncsu.edu/~brabec/antispam.html">http://mosa.unity.ncsu.edu/~brabec/antispam.html</a><em></p><p>Last update: 12 July 2002
</em></p>
</body>
</html>
