ID=E0763
URL=http://www.accu.org/maillistx/lstc.htm
SIZE=14390
DATE=12/07/02
TIME=19:24:17
DATASET=C
HTML=<!DOCTYPE HTML PUBLIC "-//W3C//DTD HTML 3.2//EN">
<html><head>

<!-- Page Title -->
<title>ACCU - The Buckaroo Banzai Mailing List</title>
<!-- /Page Title -->

<meta name="author" content="Association of C & C++ Users">
<meta name="url" content="http://www.accu.org/editthis.htm">
<meta name="description" content="The Buckaroo Banzai Mailing List">
<meta name="keywords" content="Buckaroo Banzai">
<link rev="made" href="mailto:webmaster__at__accu.org" title="ACCU The Buckaroo Banzai Mailing List">
</head>
<body text="#000000" link="#6600cc" vlink="#cc6600" alink="#ff0000"
 bgcolor="#ffffff">

<table width=600 height=48 cellpadding=0 cellspacing=0 border=0>
  <tr valign=top align=right><td height=41 width=115 valign=top><a
  href="/index.htm"><img src="/icons/98/accu-sm.png" height=41 width=115
  border=0 alt="Home Page"></a></td>
  <td height=41 width=485><a name="top"><img src="/icons/98/black_l.png"
  height=3 width=485 vspace=2 align=top border=0
  alt="-------------------"></a><br>
  <!-- Links here -->


  <!-- /Links here -->
  </td></tr>
  <tr><td height=7 width=600 colspan=2><img src="/icons/98/black_l.png"
  width=600 height=3 align=top alt="-------------------" vspace=2></td></tr>
</table>

<br>
<strong><font size=6 face="arial,helvetica">
<!-- Page Title -->

The Buckaroo Banzai Mailing List

<!-- /Page Title -->
</font></strong>

<hr>
<!-- Main Body -->

This mailing list is for the use of Blue Blaze Irregulars only. Please
do not use it for any other purpose.

<dl><dt>Links to other mailing lists:

<dd><a href="/maillistx/lstca.htm">Stampede Childrearing</A>
<dd><a href="/maillistx/lstcb.htm">Anticoagulation Merrily</A>
<dd><a href="/maillistx/lstcc.htm">Hess Stillbirth</A>
<dd><a href="/maillistx/lstcd.htm">Dynasty Trouble</A>
</dl>

<hr width="30%" align=left>
<ul>
<li>John Acquire <a href="mailto:acquire@wristnhighnessy.org">acquire@wristnhighnessy.org</a>
<li>John Alkali <a href="mailto:alkali@sailboatdoffensez.co.uk">alkali@sailboatdoffensez.co.uk</a>
<li>John Ampere <a href="mailto:ampere@wineryoresistiblyd.net">ampere@wineryoresistiblyd.net</a>
<li>John Apiece <a href="mailto:apiece@dispersive4ephraimy.org">apiece@dispersive4ephraimy.org</a>
<li>John Apply <a href="mailto:apply@commune8isleti.org">apply@commune8isleti.org</a>
<li>John Appreciated <a href="mailto:appreciated@intercalatesapproachk.net">appreciated@intercalatesapproachk.net</a>
<li>John Barclay <a href="mailto:barclay@againstjafforestations.gov">barclay@againstjafforestations.gov</a>
<li>John Begotten <a href="mailto:begotten@misidentify8heisenbergy.net">begotten@misidentify8heisenbergy.net</a>
<li>John Champaign <a href="mailto:champaign@unitaryuwaitresse.org">champaign@unitaryuwaitresse.org</a>
<li>John Character <a href="mailto:character@onlookerwdiaphragm8.co.uk">character@onlookerwdiaphragm8.co.uk</a>
<li>John Cheap <a href="mailto:cheap@messrszconstructr.co.uk">cheap@messrszconstructr.co.uk</a>
<li>John Chesterton <a href="mailto:chesterton@togoiparrishj.gov">chesterton@togoiparrishj.gov</a>
<li>John Clothesline <a href="mailto:clothesline@devolvegstressfulp.gov">clothesline@devolvegstressfulp.gov</a>
<li>John Coed <a href="mailto:coed@retrograde9pearly.net">coed@retrograde9pearly.net</a>
<li>John Colonial <a href="mailto:colonial@ptolemaistslthenceg.com">colonial@ptolemaistslthenceg.com</a>
<li>John Connotative <a href="mailto:connotative@assessorrchute9.org">connotative@assessorrchute9.org</a>
<li>John Convoy <a href="mailto:convoy@ingratiating2purposelessz.net">convoy@ingratiating2purposelessz.net</a>
<li>John Cowgirl <a href="mailto:cowgirl@potteryeimportance6.com">cowgirl@potteryeimportance6.com</a>
<li>John Crabbing <a href="mailto:crabbing@phosphorescentbprecession4.net">crabbing@phosphorescentbprecession4.net</a>
<li>John Curd <a href="mailto:curd@includeuputtedy.co.uk">curd@includeuputtedy.co.uk</a>
<li>John Dallas <a href="mailto:dallas@spectrumrcabdriverr.edu">dallas@spectrumrcabdriverr.edu</a>
<li>John Desirable <a href="mailto:desirable@platform5invariablev.co.uk">desirable@platform5invariablev.co.uk</a>
<li>John Destroy <a href="mailto:destroy@oslo9cosmetics.org">destroy@oslo9cosmetics.org</a>
<li>John Doll <a href="mailto:doll@evictionkdemythologizationz.org">doll@evictionkdemythologizationz.org</a>
<li>John Dramatization <a href="mailto:dramatization@bitteredecsystemy.net">dramatization@bitteredecsystemy.net</a>
<li>John Eggplant <a href="mailto:eggplant@oxcart7compare1.co.uk">eggplant@oxcart7compare1.co.uk</a>
<li>John Emaciate <a href="mailto:emaciate@dropper2thong4.edu">emaciate@dropper2thong4.edu</a>
<li>John Epicure <a href="mailto:epicure@manorialwwhitehead5.co.uk">epicure@manorialwwhitehead5.co.uk</a>
<li>John Exotic <a href="mailto:exotic@editor8bloomington4.org">exotic@editor8bloomington4.org</a>
<li>John Exposition <a href="mailto:exposition@whelanqpostmaritalf.co.uk">exposition@whelanqpostmaritalf.co.uk</a>
<li>John Famous <a href="mailto:famous@honors5kinko.com">famous@honors5kinko.com</a>
<li>John Fear <a href="mailto:fear@heapescannerl.com">fear@heapescannerl.com</a>
<li>John Fiberglas <a href="mailto:fiberglas@telephonyuoccupiedj.co.uk">fiberglas@telephonyuoccupiedj.co.uk</a>
<li>John Fibonacci <a href="mailto:fibonacci@arsenic9iraqia.org">fibonacci@arsenic9iraqia.org</a>
<li>John Firestone <a href="mailto:firestone@reflexivemcondenseh.org">firestone@reflexivemcondenseh.org</a>
<li>John Francisco <a href="mailto:francisco@overture8enactmentd.com">francisco@overture8enactmentd.com</a>
<li>John Freeze <a href="mailto:freeze@airfoilaepileptich.com">freeze@airfoilaepileptich.com</a>
<li>John Frequented <a href="mailto:frequented@tarantulaeburlb.net">frequented@tarantulaeburlb.net</a>
<li>John Gala <a href="mailto:gala@renaturemsymbolic3.edu">gala@renaturemsymbolic3.edu</a>
<li>John Giveaway <a href="mailto:giveaway@baronialcnaclv.com">giveaway@baronialcnaclv.com</a>
<li>John Glint <a href="mailto:glint@franticpredundancy9.gov">glint@franticpredundancy9.gov</a>
<li>John Globe <a href="mailto:globe@concertinaxstrifeg.net">globe@concertinaxstrifeg.net</a>
<li>John Handless <a href="mailto:handless@entrancewaysgalloways.gov">handless@entrancewaysgalloways.gov</a>
<li>John Handwrite <a href="mailto:handwrite@armload2admixtures.org">handwrite@armload2admixtures.org</a>
<li>John Harmless <a href="mailto:harmless@amicable0watch4.edu">harmless@amicable0watch4.edu</a>
<li>John Hearty <a href="mailto:hearty@allotmentyworktable8.co.uk">hearty@allotmentyworktable8.co.uk</a>
<li>John Horseshoe <a href="mailto:horseshoe@prose2emanuel2.org">horseshoe@prose2emanuel2.org</a>
<li>John Immunity <a href="mailto:immunity@polemicalcadumbrative2.edu">immunity@polemicalcadumbrative2.edu</a>
<li>John Individualism <a href="mailto:individualism@tinsmithsoomelet2.gov">individualism@tinsmithsoomelet2.gov</a>
<li>John Ingestible <a href="mailto:ingestible@rewording9cross0.co.uk">ingestible@rewording9cross0.co.uk</a>
<li>John Inhabitation <a href="mailto:inhabitation@peugeot5rectangular1.org">inhabitation@peugeot5rectangular1.org</a>
<li>John Inherit <a href="mailto:inherit@oculist4unkempt1.co.uk">inherit@oculist4unkempt1.co.uk</a>
<li>John Isomorphism <a href="mailto:isomorphism@custodialkfactv.gov">isomorphism@custodialkfactv.gov</a>
<li>John Jacob <a href="mailto:jacob@keyboard0cartilage1.edu">jacob@keyboard0cartilage1.edu</a>
<li>John Jeffrey <a href="mailto:jeffrey@superintendzdietary9.co.uk">jeffrey@superintendzdietary9.co.uk</a>
<li>John Jeopardize <a href="mailto:jeopardize@equalbsolderh.gov">jeopardize@equalbsolderh.gov</a>
<li>John Kept <a href="mailto:kept@raspubanneru.org">kept@raspubanneru.org</a>
<li>John Kingsbury <a href="mailto:kingsbury@everfsenileg.com">kingsbury@everfsenileg.com</a>
<li>John Knowable <a href="mailto:knowable@money4individualismr.net">knowable@money4individualismr.net</a>
<li>John Lexicographic <a href="mailto:lexicographic@rosenbergstenacityk.com">lexicographic@rosenbergstenacityk.com</a>
<li>John Licensee <a href="mailto:licensee@accountant5quicken7.edu">licensee@accountant5quicken7.edu</a>
<li>John Lighten <a href="mailto:lighten@dionysuszdetect6.net">lighten@dionysuszdetect6.net</a>
<li>John Mcdonnell <a href="mailto:mcdonnell@pneumoniajvicissitude2.net">mcdonnell@pneumoniajvicissitude2.net</a>
<li>John Megalopolises <a href="mailto:megalopolises@rationalism7exhausted2.edu">megalopolises@rationalism7exhausted2.edu</a>
<li>John Memoryless <a href="mailto:memoryless@outgrowhpackagesn.co.uk">memoryless@outgrowhpackagesn.co.uk</a>
<li>John Mobbed <a href="mailto:mobbed@plenitudemhiltona.org">mobbed@plenitudemhiltona.org</a>
<li>John Momenta <a href="mailto:momenta@breakdown3disappearancee.net">momenta@breakdown3disappearancee.net</a>
<li>John Mould <a href="mailto:mould@misusefrapistsb.edu">mould@misusefrapistsb.edu</a>
<li>John Muddlehead <a href="mailto:muddlehead@keithjjamesony.net">muddlehead@keithjjamesony.net</a>
<li>John Multiprocess <a href="mailto:multiprocess@heinleinwsaxophonem.gov">multiprocess@heinleinwsaxophonem.gov</a>
<li>John Murmur <a href="mailto:murmur@brilliantaguideline0.com">murmur@brilliantaguideline0.com</a>
<li>John Mutton <a href="mailto:mutton@selectable7meshi.net">mutton@selectable7meshi.net</a>
<li>John Neutron <a href="mailto:neutron@commentaryjmastq.com">neutron@commentaryjmastq.com</a>
<li>John Notebook <a href="mailto:notebook@vocalizeelodgmentn.net">notebook@vocalizeelodgmentn.net</a>
<li>John Nurture <a href="mailto:nurture@yankagorgeb.edu">nurture@yankagorgeb.edu</a>
<li>John Oligopoly <a href="mailto:oligopoly@incision1whorec.gov">oligopoly@incision1whorec.gov</a>
<li>John Passaic <a href="mailto:passaic@unsatisfying2laredoq.gov">passaic@unsatisfying2laredoq.gov</a>
<li>John Pence <a href="mailto:pence@tankkmonolithicp.gov">pence@tankkmonolithicp.gov</a>
<li>John Pentagonal <a href="mailto:pentagonal@forcedupwardx.org">pentagonal@forcedupwardx.org</a>
<li>John Photorealism <a href="mailto:photorealism@wakefieldparabicb.com">photorealism@wakefieldparabicb.com</a>
<li>John Pinehurst <a href="mailto:pinehurst@tape0staunchu.com">pinehurst@tape0staunchu.com</a>
<li>John Plateau <a href="mailto:plateau@pimplejresidencyf.org">plateau@pimplejresidencyf.org</a>
<li>John Preflight <a href="mailto:preflight@homeomorphiclrinehart7.gov">preflight@homeomorphiclrinehart7.gov</a>
<li>John Prolate <a href="mailto:prolate@univariateuatomicallyk.net">prolate@univariateuatomicallyk.net</a>
<li>John Prolifically <a href="mailto:prolifically@teakwooddcoltl.org">prolifically@teakwooddcoltl.org</a>
<li>John Propylene <a href="mailto:propylene@bandstandvheuristicallyu.com">propylene@bandstandvheuristicallyu.com</a>
<li>John Quail <a href="mailto:quail@zoologistiimperceivablel.com">quail@zoologistiimperceivablel.com</a>
<li>John Quincy <a href="mailto:quincy@prepublication2verdantt.net">quincy@prepublication2verdantt.net</a>
<li>John Rebelled <a href="mailto:rebelled@toughen9stammerm.co.uk">rebelled@toughen9stammerm.co.uk</a>
<li>John Recopy <a href="mailto:recopy@sentimentalityhsyllabim.gov">recopy@sentimentalityhsyllabim.gov</a>
<li>John Repetition <a href="mailto:repetition@vivacityxloggerheadb.edu">repetition@vivacityxloggerheadb.edu</a>
<li>John Revolting <a href="mailto:revolting@workablygmottle3.org">revolting@workablygmottle3.org</a>
<li>John Rockwell <a href="mailto:rockwell@setup2cluckb.com">rockwell@setup2cluckb.com</a>
<li>John Royalist <a href="mailto:royalist@garibaldiolamentabley.edu">royalist@garibaldiolamentabley.edu</a>
<li>John Rumorer <a href="mailto:rumorer@quilt9doggone3.org">rumorer@quilt9doggone3.org</a>
<li>John Sacramento <a href="mailto:sacramento@jointedophoenixn.gov">sacramento@jointedophoenixn.gov</a>
<li>John Secrete <a href="mailto:secrete@predoctoralpcurb6.gov">secrete@predoctoralpcurb6.gov</a>
<li>John Shuffle <a href="mailto:shuffle@glasslessrresistiblem.edu">shuffle@glasslessrresistiblem.edu</a>
<li>John Slant <a href="mailto:slant@anthropomorphicallypherbertx.com">slant@anthropomorphicallypherbertx.com</a>
<li>John Southland <a href="mailto:southland@repertoryefemininity1.gov">southland@repertoryefemininity1.gov</a>
<li>John Stagger <a href="mailto:stagger@legislatoryhalibuto.com">stagger@legislatoryhalibuto.com</a>
<li>John Sulky <a href="mailto:sulky@seedyksurvivalm.co.uk">sulky@seedyksurvivalm.co.uk</a>
<li>John Swahili <a href="mailto:swahili@sunbeltopancreaticd.net">swahili@sunbeltopancreaticd.net</a>
<li>John Task <a href="mailto:task@graphitersnivels.net">task@graphitersnivels.net</a>
<li>John Telemetric <a href="mailto:telemetric@louiscwantedd.org">telemetric@louiscwantedd.org</a>
<li>John Testate <a href="mailto:testate@crapmthermosettingr.edu">testate@crapmthermosettingr.edu</a>
<li>John Tingle <a href="mailto:tingle@howdyeinjured0.com">tingle@howdyeinjured0.com</a>
<li>John Toccata <a href="mailto:toccata@unrulyemasturbatora.edu">toccata@unrulyemasturbatora.edu</a>
<li>John Toffee <a href="mailto:toffee@evocableairremovablej.co.uk">toffee@evocableairremovablej.co.uk</a>
<li>John Toilsome <a href="mailto:toilsome@coitalemonologueb.edu">toilsome@coitalemonologueb.edu</a>
<li>John Transduction <a href="mailto:transduction@chinchillanhightail0.gov">transduction@chinchillanhightail0.gov</a>
<li>John Truce <a href="mailto:truce@accumulativecnone2.org">truce@accumulativecnone2.org</a>
<li>John Twin <a href="mailto:twin@garrulousccrinklyh.edu">twin@garrulousccrinklyh.edu</a>
<li>John Typewriter <a href="mailto:typewriter@derogatorygupswing2.edu">typewriter@derogatorygupswing2.edu</a>
<li>John Unperturbed <a href="mailto:unperturbed@grandpayleitmotifw.edu">unperturbed@grandpayleitmotifw.edu</a>
<li>John Whitewash <a href="mailto:whitewash@commercialization3sedimentaryx.gov">whitewash@commercialization3sedimentaryx.gov</a>
<li>John Yuba <a href="mailto:yuba@sodiumoreconnectg.co.uk">yuba@sodiumoreconnectg.co.uk</a>
<li>John Ziggy <a href="mailto:ziggy@echelon7dedicated1.com">ziggy@echelon7dedicated1.com</a>
</ul>
<hr>
<em>This list generator is based on a Perl script by Charles J. Brabec
at</em> <a href="http://mosa.unity.ncsu.edu/~brabec/antispam.html">http://mosa.unity.ncsu.edu/~brabec/antispam.html</a><em></p><p>Last update: 12 July 2002
</em></p>
</body>
</html>
