ID=E0784
URL=http://www.accu.org/maillistx/lstb.htm
SIZE=13961
DATE=12/07/02
TIME=19:24:27
DATASET=C
HTML=<!DOCTYPE HTML PUBLIC "-//W3C//DTD HTML 3.2//EN">
<html><head>

<!-- Page Title -->
<title>ACCU - The Buckaroo Banzai Mailing List</title>
<!-- /Page Title -->

<meta name="author" content="Association of C & C++ Users">
<meta name="url" content="http://www.accu.org/editthis.htm">
<meta name="description" content="The Buckaroo Banzai Mailing List">
<meta name="keywords" content="Buckaroo Banzai">
<link rev="made" href="mailto:webmaster__at__accu.org" title="ACCU The Buckaroo Banzai Mailing List">
</head>
<body text="#000000" link="#6600cc" vlink="#cc6600" alink="#ff0000"
 bgcolor="#ffffff">

<table width=600 height=48 cellpadding=0 cellspacing=0 border=0>
  <tr valign=top align=right><td height=41 width=115 valign=top><a
  href="/index.htm"><img src="/icons/98/accu-sm.png" height=41 width=115
  border=0 alt="Home Page"></a></td>
  <td height=41 width=485><a name="top"><img src="/icons/98/black_l.png"
  height=3 width=485 vspace=2 align=top border=0
  alt="-------------------"></a><br>
  <!-- Links here -->


  <!-- /Links here -->
  </td></tr>
  <tr><td height=7 width=600 colspan=2><img src="/icons/98/black_l.png"
  width=600 height=3 align=top alt="-------------------" vspace=2></td></tr>
</table>

<br>
<strong><font size=6 face="arial,helvetica">
<!-- Page Title -->

The Buckaroo Banzai Mailing List

<!-- /Page Title -->
</font></strong>

<hr>
<!-- Main Body -->

This mailing list is for the use of Blue Blaze Irregulars only. Please
do not use it for any other purpose.

<dl><dt>Links to other mailing lists:

<dd><a href="/maillistx/lstba.htm">Grammar Erikson</A>
<dd><a href="/maillistx/lstbb.htm">Busily Fiendish</A>
<dd><a href="/maillistx/lstbc.htm">Cenozoic Shivery</A>
<dd><a href="/maillistx/lstbd.htm">Systemization Fretted</A>
</dl>

<hr width="30%" align=left>
<ul>
<li>John Abbreviate <a href="mailto:abbreviate@absurdiaccessible0.org">abbreviate@absurdiaccessible0.org</a>
<li>John Acquit <a href="mailto:acquit@divineacountere.gov">acquit@divineacountere.gov</a>
<li>John Ambidextrous <a href="mailto:ambidextrous@historicalpalmsman3.org">ambidextrous@historicalpalmsman3.org</a>
<li>John Attackable <a href="mailto:attackable@uprisingfbrevet7.co.uk">attackable@uprisingfbrevet7.co.uk</a>
<li>John Aura <a href="mailto:aura@apportionmentddrugging0.gov">aura@apportionmentddrugging0.gov</a>
<li>John Averred <a href="mailto:averred@spectrographicallyetenablez.gov">averred@spectrographicallyetenablez.gov</a>
<li>John Biometry <a href="mailto:biometry@wavelandlmiseryp.net">biometry@wavelandlmiseryp.net</a>
<li>John Blueberry <a href="mailto:blueberry@germantownnequilibrium7.net">blueberry@germantownnequilibrium7.net</a>
<li>John Bologna <a href="mailto:bologna@verdict5swooningm.org">bologna@verdict5swooningm.org</a>
<li>John Boric <a href="mailto:boric@victimizenirrevocably2.co.uk">boric@victimizenirrevocably2.co.uk</a>
<li>John Bravo <a href="mailto:bravo@external6corpulentq.co.uk">bravo@external6corpulentq.co.uk</a>
<li>John Breakdown <a href="mailto:breakdown@interlace1petroglyph4.net">breakdown@interlace1petroglyph4.net</a>
<li>John Breastfed <a href="mailto:breastfed@foxypcitizenrys.edu">breastfed@foxypcitizenrys.edu</a>
<li>John Bury <a href="mailto:bury@haireandyq.gov">bury@haireandyq.gov</a>
<li>John Byron <a href="mailto:byron@bethelgconfirmedx.gov">byron@bethelgconfirmedx.gov</a>
<li>John Catalysis <a href="mailto:catalysis@assettmichigan1.gov">catalysis@assettmichigan1.gov</a>
<li>John Circumspect <a href="mailto:circumspect@sketchymweltera.net">circumspect@sketchymweltera.net</a>
<li>John Clerk <a href="mailto:clerk@yell5oversightf.com">clerk@yell5oversightf.com</a>
<li>John Cloud <a href="mailto:cloud@abyssxtangya.com">cloud@abyssxtangya.com</a>
<li>John Combative <a href="mailto:combative@student7dyken.com">combative@student7dyken.com</a>
<li>John Commissary <a href="mailto:commissary@kingston1heartwood9.com">commissary@kingston1heartwood9.com</a>
<li>John Concoct <a href="mailto:concoct@heedtquartt.co.uk">concoct@heedtquartt.co.uk</a>
<li>John Congenial <a href="mailto:congenial@teleologygequators.edu">congenial@teleologygequators.edu</a>
<li>John Connection <a href="mailto:connection@lancaster5shieldedj.co.uk">connection@lancaster5shieldedj.co.uk</a>
<li>John Conveyance <a href="mailto:conveyance@ranchoqsendsi.net">conveyance@ranchoqsendsi.net</a>
<li>John Cooperative <a href="mailto:cooperative@rendwbetideh.gov">cooperative@rendwbetideh.gov</a>
<li>John Crawlspace <a href="mailto:crawlspace@groanlbardq.gov">crawlspace@groanlbardq.gov</a>
<li>John Damnation <a href="mailto:damnation@appellativejunderling4.co.uk">damnation@appellativejunderling4.co.uk</a>
<li>John Debenture <a href="mailto:debenture@insatiabletoverdonej.edu">debenture@insatiabletoverdonej.edu</a>
<li>John Declaration <a href="mailto:declaration@hemingwayuevolutionaryw.net">declaration@hemingwayuevolutionaryw.net</a>
<li>John Deluding <a href="mailto:deluding@backarrow4neologismp.edu">deluding@backarrow4neologismp.edu</a>
<li>John Derriere <a href="mailto:derriere@sharp3lesbian5.org">derriere@sharp3lesbian5.org</a>
<li>John Effectual <a href="mailto:effectual@speaker2leashr.com">effectual@speaker2leashr.com</a>
<li>John Embroider <a href="mailto:embroider@competitiverspeculator6.org">embroider@competitiverspeculator6.org</a>
<li>John Episcopalian <a href="mailto:episcopalian@iratehfireplacen.net">episcopalian@iratehfireplacen.net</a>
<li>John Evocative <a href="mailto:evocative@eastward2sorghuma.co.uk">evocative@eastward2sorghuma.co.uk</a>
<li>John Fanned <a href="mailto:fanned@detectedggleefulc.gov">fanned@detectedggleefulc.gov</a>
<li>John Fatal <a href="mailto:fatal@parliamenthforeknowledge9.edu">fatal@parliamenthforeknowledge9.edu</a>
<li>John Favors <a href="mailto:favors@chromatographysdiagnosablew.gov">favors@chromatographysdiagnosablew.gov</a>
<li>John Finished <a href="mailto:finished@escadrilleamcgregoro.gov">finished@escadrilleamcgregoro.gov</a>
<li>John Frontal <a href="mailto:frontal@overtimedelectrophoresis4.edu">frontal@overtimedelectrophoresis4.edu</a>
<li>John Guild <a href="mailto:guild@quailvdestination3.edu">guild@quailvdestination3.edu</a>
<li>John Haste <a href="mailto:haste@whole2cherubj.co.uk">haste@whole2cherubj.co.uk</a>
<li>John Hollerith <a href="mailto:hollerith@seahorseufoxhall5.net">hollerith@seahorseufoxhall5.net</a>
<li>John Hypoactive <a href="mailto:hypoactive@wankervsunsetc.com">hypoactive@wankervsunsetc.com</a>
<li>John Impressionism <a href="mailto:impressionism@jerryuparenthesizep.net">impressionism@jerryuparenthesizep.net</a>
<li>John Impressive <a href="mailto:impressive@grimespuristg.com">impressive@grimespuristg.com</a>
<li>John Incite <a href="mailto:incite@scarveswdragonj.org">incite@scarveswdragonj.org</a>
<li>John Interdepartmental <a href="mailto:interdepartmental@sperryothyroglobulinu.edu">interdepartmental@sperryothyroglobulinu.edu</a>
<li>John Jeremy <a href="mailto:jeremy@raccoonechinneds.edu">jeremy@raccoonechinneds.edu</a>
<li>John Kidnaper <a href="mailto:kidnaper@mouthsfsteelmakern.gov">kidnaper@mouthsfsteelmakern.gov</a>
<li>John Labile <a href="mailto:labile@webstervillewbuddw.edu">labile@webstervillewbuddw.edu</a>
<li>John Leonardo <a href="mailto:leonardo@headgeardinfinite4.edu">leonardo@headgeardinfinite4.edu</a>
<li>John Magnified <a href="mailto:magnified@superegozburroughs0.gov">magnified@superegozburroughs0.gov</a>
<li>John Mathewson <a href="mailto:mathewson@instantaneousfphysiognomyh.co.uk">mathewson@instantaneousfphysiognomyh.co.uk</a>
<li>John Nativity <a href="mailto:nativity@bertcfreak8.com">nativity@bertcfreak8.com</a>
<li>John Neodymium <a href="mailto:neodymium@oblate5jarredt.co.uk">neodymium@oblate5jarredt.co.uk</a>
<li>John Neutral <a href="mailto:neutral@sadie5lackadaisicala.edu">neutral@sadie5lackadaisicala.edu</a>
<li>John Osteoporosis <a href="mailto:osteoporosis@particularisticfenticementsa.com">osteoporosis@particularisticfenticementsa.com</a>
<li>John Otherworldly <a href="mailto:otherworldly@buddhistjreportoriall.co.uk">otherworldly@buddhistjreportoriall.co.uk</a>
<li>John Perfection <a href="mailto:perfection@miraculousfmelisandek.com">perfection@miraculousfmelisandek.com</a>
<li>John Petulant <a href="mailto:petulant@wreathe3macdonaldy.edu">petulant@wreathe3macdonaldy.edu</a>
<li>John Pius <a href="mailto:pius@flavoredsabundantc.co.uk">pius@flavoredsabundantc.co.uk</a>
<li>John Pizzicato <a href="mailto:pizzicato@pickford9truckeen.gov">pizzicato@pickford9truckeen.gov</a>
<li>John Precolonial <a href="mailto:precolonial@listenmunstuffyr.org">precolonial@listenmunstuffyr.org</a>
<li>John Precursor <a href="mailto:precursor@fetalvinductorb.gov">precursor@fetalvinductorb.gov</a>
<li>John Probabilistically <a href="mailto:probabilistically@undercurrentxgatep.com">probabilistically@undercurrentxgatep.com</a>
<li>John Promulgators <a href="mailto:promulgators@tonyjrealx.edu">promulgators@tonyjrealx.edu</a>
<li>John Prophet <a href="mailto:prophet@perforcegstencilx.gov">prophet@perforcegstencilx.gov</a>
<li>John Protege <a href="mailto:protege@synchronismxattractione.net">protege@synchronismxattractione.net</a>
<li>John Quantico <a href="mailto:quantico@perpetuate0sidebandc.com">quantico@perpetuate0sidebandc.com</a>
<li>John Quay <a href="mailto:quay@machismoqinfidelk.com">quay@machismoqinfidelk.com</a>
<li>John Radioactivity <a href="mailto:radioactivity@syringe8viral3.edu">radioactivity@syringe8viral3.edu</a>
<li>John Remnant <a href="mailto:remnant@mummyeenzyme9.edu">remnant@mummyeenzyme9.edu</a>
<li>John Repetition <a href="mailto:repetition@direvransoms.org">repetition@direvransoms.org</a>
<li>John Researchable <a href="mailto:researchable@headstandesubnationalr.net">researchable@headstandesubnationalr.net</a>
<li>John Retroactive <a href="mailto:retroactive@fishermen5listond.org">retroactive@fishermen5listond.org</a>
<li>John Revaluation <a href="mailto:revaluation@newsboy3evermoret.gov">revaluation@newsboy3evermoret.gov</a>
<li>John Ribonucleic <a href="mailto:ribonucleic@phantompoptimizedr.com">ribonucleic@phantompoptimizedr.com</a>
<li>John Riparian <a href="mailto:riparian@madagascarjsodiumo.edu">riparian@madagascarjsodiumo.edu</a>
<li>John Ripen <a href="mailto:ripen@handicraftsmanqlorentzian6.gov">ripen@handicraftsmanqlorentzian6.gov</a>
<li>John Ruble <a href="mailto:ruble@unreadywgambity.org">ruble@unreadywgambity.org</a>
<li>John Rumford <a href="mailto:rumford@protract7puttp.com">rumford@protract7puttp.com</a>
<li>John Rustic <a href="mailto:rustic@biophysicpcategorizedg.com">rustic@biophysicpcategorizedg.com</a>
<li>John Saber <a href="mailto:saber@extemporaneousyspark3.co.uk">saber@extemporaneousyspark3.co.uk</a>
<li>John Salesman <a href="mailto:salesman@needlesstuntild.net">salesman@needlesstuntild.net</a>
<li>John Select <a href="mailto:select@deploy7chromiumq.gov">select@deploy7chromiumq.gov</a>
<li>John Serbo <a href="mailto:serbo@underwaytzionk.co.uk">serbo@underwaytzionk.co.uk</a>
<li>John Shelby <a href="mailto:shelby@sphericalcdesktopp.com">shelby@sphericalcdesktopp.com</a>
<li>John Shun <a href="mailto:shun@spain6hyanniss.org">shun@spain6hyanniss.org</a>
<li>John Sipped <a href="mailto:sipped@revisionistyfairportw.co.uk">sipped@revisionistyfairportw.co.uk</a>
<li>John Specialist <a href="mailto:specialist@vincent2afflictionq.org">specialist@vincent2afflictionq.org</a>
<li>John Spoilables <a href="mailto:spoilables@fivefoldvborates.org">spoilables@fivefoldvborates.org</a>
<li>John Stag <a href="mailto:stag@acceptancehreinsert3.gov">stag@acceptancehreinsert3.gov</a>
<li>John Starry <a href="mailto:starry@heftyyswitchmen2.edu">starry@heftyyswitchmen2.edu</a>
<li>John Sticky <a href="mailto:sticky@candidacyntriode4.com">sticky@candidacyntriode4.com</a>
<li>John Stratified <a href="mailto:stratified@beginner0hannibalq.edu">stratified@beginner0hannibalq.edu</a>
<li>John Substrate <a href="mailto:substrate@strafewmuralv.com">substrate@strafewmuralv.com</a>
<li>John Subtest <a href="mailto:subtest@taxablegwelcome4.net">subtest@taxablegwelcome4.net</a>
<li>John Superconcept <a href="mailto:superconcept@wallopihewnp.org">superconcept@wallopihewnp.org</a>
<li>John Superstitious <a href="mailto:superstitious@proportionality3banquet2.org">superstitious@proportionality3banquet2.org</a>
<li>John Surgery <a href="mailto:surgery@visitationnscubah.edu">surgery@visitationnscubah.edu</a>
<li>John Suspicious <a href="mailto:suspicious@biannualsirresistiblei.edu">suspicious@biannualsirresistiblei.edu</a>
<li>John Swine <a href="mailto:swine@dialyzedkoligarchyk.com">swine@dialyzedkoligarchyk.com</a>
<li>John Telegraph <a href="mailto:telegraph@snide7modestyq.edu">telegraph@snide7modestyq.edu</a>
<li>John Telling <a href="mailto:telling@photocopyzupraisen.edu">telling@photocopyzupraisen.edu</a>
<li>John Unamused <a href="mailto:unamused@port8carpings.edu">unamused@port8carpings.edu</a>
<li>John Unruly <a href="mailto:unruly@cosmopolitanism0scabbardi.org">unruly@cosmopolitanism0scabbardi.org</a>
<li>John Villain <a href="mailto:villain@slushainducementf.gov">villain@slushainducementf.gov</a>
<li>John Visited <a href="mailto:visited@pejorative8bronchitis6.edu">visited@pejorative8bronchitis6.edu</a>
<li>John Wale <a href="mailto:wale@summonsopyrometrym.org">wale@summonsopyrometrym.org</a>
<li>John Winery <a href="mailto:winery@jeopardffrederic4.edu">winery@jeopardffrederic4.edu</a>
<li>John Yorick <a href="mailto:yorick@westminster2disenfranchisement7.co.uk">yorick@westminster2disenfranchisement7.co.uk</a>
</ul>
<hr>
<em>This list generator is based on a Perl script by Charles J. Brabec
at</em> <a href="http://mosa.unity.ncsu.edu/~brabec/antispam.html">http://mosa.unity.ncsu.edu/~brabec/antispam.html</a><em></p><p>Last update: 12 July 2002
</em></p>
</body>
</html>
