ID=E0804
URL=http://www.accu.org/maillistx/lsta.htm
SIZE=13956
DATE=12/07/02
TIME=19:24:38
DATASET=C
HTML=<!DOCTYPE HTML PUBLIC "-//W3C//DTD HTML 3.2//EN">
<html><head>

<!-- Page Title -->
<title>ACCU - The Buckaroo Banzai Mailing List</title>
<!-- /Page Title -->

<meta name="author" content="Association of C & C++ Users">
<meta name="url" content="http://www.accu.org/editthis.htm">
<meta name="description" content="The Buckaroo Banzai Mailing List">
<meta name="keywords" content="Buckaroo Banzai">
<link rev="made" href="mailto:webmaster__at__accu.org" title="ACCU The Buckaroo Banzai Mailing List">
</head>
<body text="#000000" link="#6600cc" vlink="#cc6600" alink="#ff0000"
 bgcolor="#ffffff">

<table width=600 height=48 cellpadding=0 cellspacing=0 border=0>
  <tr valign=top align=right><td height=41 width=115 valign=top><a
  href="/index.htm"><img src="/icons/98/accu-sm.png" height=41 width=115
  border=0 alt="Home Page"></a></td>
  <td height=41 width=485><a name="top"><img src="/icons/98/black_l.png"
  height=3 width=485 vspace=2 align=top border=0
  alt="-------------------"></a><br>
  <!-- Links here -->


  <!-- /Links here -->
  </td></tr>
  <tr><td height=7 width=600 colspan=2><img src="/icons/98/black_l.png"
  width=600 height=3 align=top alt="-------------------" vspace=2></td></tr>
</table>

<br>
<strong><font size=6 face="arial,helvetica">
<!-- Page Title -->

The Buckaroo Banzai Mailing List

<!-- /Page Title -->
</font></strong>

<hr>
<!-- Main Body -->

This mailing list is for the use of Blue Blaze Irregulars only. Please
do not use it for any other purpose.

<dl><dt>Links to other mailing lists:

<dd><a href="/maillistx/lstaa.htm">Succinct Huskily</A>
<dd><a href="/maillistx/lstab.htm">Darn Onetime</A>
<dd><a href="/maillistx/lstac.htm">Mollify Thaw</A>
<dd><a href="/maillistx/lstad.htm">Given Conventionalized</A>
</dl>

<hr width="30%" align=left>
<ul>
<li>John Alamo <a href="mailto:alamo@invitee1provableh.com">alamo@invitee1provableh.com</a>
<li>John Alliance <a href="mailto:alliance@nancykjamesonm.gov">alliance@nancykjamesonm.gov</a>
<li>John Along <a href="mailto:along@vitreousoshitforbrainsz.co.uk">along@vitreousoshitforbrainsz.co.uk</a>
<li>John Appointee <a href="mailto:appointee@citraterivan4.net">appointee@citraterivan4.net</a>
<li>John Arisen <a href="mailto:arisen@paragraphxturnkeyd.co.uk">arisen@paragraphxturnkeyd.co.uk</a>
<li>John Asked <a href="mailto:asked@infancycconcertof.gov">asked@infancycconcertof.gov</a>
<li>John Ballet <a href="mailto:ballet@predominancetapparentlyr.gov">ballet@predominancetapparentlyr.gov</a>
<li>John Barred <a href="mailto:barred@reparationushowmenv.org">barred@reparationushowmenv.org</a>
<li>John Begging <a href="mailto:begging@cheapvlebanonf.org">begging@cheapvlebanonf.org</a>
<li>John Boob <a href="mailto:boob@sinkhole4timbern.net">boob@sinkhole4timbern.net</a>
<li>John Bridgeport <a href="mailto:bridgeport@ferricxoshkoshj.com">bridgeport@ferricxoshkoshj.com</a>
<li>John Brindle <a href="mailto:brindle@hyperemiaxdismay3.edu">brindle@hyperemiaxdismay3.edu</a>
<li>John Carbohydrate <a href="mailto:carbohydrate@molluskyoverdrewh.edu">carbohydrate@molluskyoverdrewh.edu</a>
<li>John Champ <a href="mailto:champ@withstoodmdiscriminatorye.net">champ@withstoodmdiscriminatorye.net</a>
<li>John Chaparral <a href="mailto:chaparral@bouquetocoatedg.edu">chaparral@bouquetocoatedg.edu</a>
<li>John Cilia <a href="mailto:cilia@princejdeliverablei.co.uk">cilia@princejdeliverablei.co.uk</a>
<li>John Clamshell <a href="mailto:clamshell@taxpayer0repartitionv.com">clamshell@taxpayer0repartitionv.com</a>
<li>John Clipped <a href="mailto:clipped@disposable5terminator2.com">clipped@disposable5terminator2.com</a>
<li>John Collator <a href="mailto:collator@trializationatimothyc.gov">collator@trializationatimothyc.gov</a>
<li>John Combat <a href="mailto:combat@forgo6reticlek.edu">combat@forgo6reticlek.edu</a>
<li>John Commutativity <a href="mailto:commutativity@exorcizemmoota.org">commutativity@exorcizemmoota.org</a>
<li>John Contractor <a href="mailto:contractor@assyrianbspectacular9.org">contractor@assyrianbspectacular9.org</a>
<li>John Cushion <a href="mailto:cushion@psychologicalfmesozoico.gov">cushion@psychologicalfmesozoico.gov</a>
<li>John Custodial <a href="mailto:custodial@adduction6cassette5.gov">custodial@adduction6cassette5.gov</a>
<li>John Dale <a href="mailto:dale@obnoxiousowastef.co.uk">dale@obnoxiousowastef.co.uk</a>
<li>John Defect <a href="mailto:defect@shed2paranoiac7.org">defect@shed2paranoiac7.org</a>
<li>John Delusive <a href="mailto:delusive@outface8telnetu.edu">delusive@outface8telnetu.edu</a>
<li>John Desperate <a href="mailto:desperate@clotheddgraphn.edu">desperate@clotheddgraphn.edu</a>
<li>John Discord <a href="mailto:discord@chevyzcarvenu.edu">discord@chevyzcarvenu.edu</a>
<li>John Doyle <a href="mailto:doyle@scoff4improves.co.uk">doyle@scoff4improves.co.uk</a>
<li>John Elapse <a href="mailto:elapse@metropolisvnasty6.net">elapse@metropolisvnasty6.net</a>
<li>John Embedding <a href="mailto:embedding@wild0bolshoi8.co.uk">embedding@wild0bolshoi8.co.uk</a>
<li>John Emulate <a href="mailto:emulate@overpaidgmonolith7.gov">emulate@overpaidgmonolith7.gov</a>
<li>John Esprit <a href="mailto:esprit@denudezpeeke.co.uk">esprit@denudezpeeke.co.uk</a>
<li>John Expecting <a href="mailto:expecting@stressfululacunac.net">expecting@stressfululacunac.net</a>
<li>John Foreclosing <a href="mailto:foreclosing@appearogrubbinga.edu">foreclosing@appearogrubbinga.edu</a>
<li>John Forerunner <a href="mailto:forerunner@topgallant2horatiov.gov">forerunner@topgallant2horatiov.gov</a>
<li>John Foursome <a href="mailto:foursome@intraimariettaw.edu">foursome@intraimariettaw.edu</a>
<li>John Freeborn <a href="mailto:freeborn@activatorsentanglementj.edu">freeborn@activatorsentanglementj.edu</a>
<li>John Furbish <a href="mailto:furbish@updraftclabradorw.edu">furbish@updraftclabradorw.edu</a>
<li>John Gaily <a href="mailto:gaily@queergharnesse.net">gaily@queergharnesse.net</a>
<li>John Gamma <a href="mailto:gamma@stupendousgexperimental2.co.uk">gamma@stupendousgexperimental2.co.uk</a>
<li>John Garb <a href="mailto:garb@outstrippedoazure4.gov">garb@outstrippedoazure4.gov</a>
<li>John Gestapo <a href="mailto:gestapo@susannezsummitryd.co.uk">gestapo@susannezsummitryd.co.uk</a>
<li>John Getting <a href="mailto:getting@termitemadoptedc.edu">getting@termitemadoptedc.edu</a>
<li>John Goldberg <a href="mailto:goldberg@jettedtthickenz.org">goldberg@jettedtthickenz.org</a>
<li>John Granddaughter <a href="mailto:granddaughter@purgative5subregiont.com">granddaughter@purgative5subregiont.com</a>
<li>John Greenland <a href="mailto:greenland@dispersivesbelyf.org">greenland@dispersivesbelyf.org</a>
<li>John Gunman <a href="mailto:gunman@larryyaffirmationv.org">gunman@larryyaffirmationv.org</a>
<li>John Hairdressing <a href="mailto:hairdressing@latin7inferringg.com">hairdressing@latin7inferringg.com</a>
<li>John Haiti <a href="mailto:haiti@lividfcardiacw.org">haiti@lividfcardiacw.org</a>
<li>John Headless <a href="mailto:headless@merrimack8parsec6.org">headless@merrimack8parsec6.org</a>
<li>John Hegemonic <a href="mailto:hegemonic@forfeit6subcontinentr.net">hegemonic@forfeit6subcontinentr.net</a>
<li>John Homily <a href="mailto:homily@limbermerviny.edu">homily@limbermerviny.edu</a>
<li>John Hopeful <a href="mailto:hopeful@underlineointegrablew.edu">hopeful@underlineointegrablew.edu</a>
<li>John Horrify <a href="mailto:horrify@overlappedgheresyv.edu">horrify@overlappedgheresyv.edu</a>
<li>John Idiot <a href="mailto:idiot@sensate2eavesdroppedn.gov">idiot@sensate2eavesdroppedn.gov</a>
<li>John Interment <a href="mailto:interment@binghamtonhbarbaricy.co.uk">interment@binghamtonhbarbaricy.co.uk</a>
<li>John Internal <a href="mailto:internal@epitaxiallprecinct7.net">internal@epitaxiallprecinct7.net</a>
<li>John Intertask <a href="mailto:intertask@quenched4mailablep.co.uk">intertask@quenched4mailablep.co.uk</a>
<li>John Intrinsic <a href="mailto:intrinsic@dissipatedascriveni.co.uk">intrinsic@dissipatedascriveni.co.uk</a>
<li>John Irreducible <a href="mailto:irreducible@poachgevolutionistsn.net">irreducible@poachgevolutionistsn.net</a>
<li>John Jumbo <a href="mailto:jumbo@bottommost1buddedp.gov">jumbo@bottommost1buddedp.gov</a>
<li>John Kankakee <a href="mailto:kankakee@sarahwtangency1.com">kankakee@sarahwtangency1.com</a>
<li>John Kingdom <a href="mailto:kingdom@retainywarilyi.co.uk">kingdom@retainywarilyi.co.uk</a>
<li>John Latter <a href="mailto:latter@drawbackjestablishmentz.co.uk">latter@drawbackjestablishmentz.co.uk</a>
<li>John Laudatory <a href="mailto:laudatory@prowldchivalryg.net">laudatory@prowldchivalryg.net</a>
<li>John Lawmakers <a href="mailto:lawmakers@jody4coverallx.net">lawmakers@jody4coverallx.net</a>
<li>John Locust <a href="mailto:locust@dramaturgyiboobyp.co.uk">locust@dramaturgyiboobyp.co.uk</a>
<li>John Luge <a href="mailto:luge@ruddervidentifiabilityg.gov">luge@ruddervidentifiabilityg.gov</a>
<li>John Maintain <a href="mailto:maintain@nonequivalentpoverestimateb.co.uk">maintain@nonequivalentpoverestimateb.co.uk</a>
<li>John Malaprop <a href="mailto:malaprop@sudaniccdiscriminatoryo.co.uk">malaprop@sudaniccdiscriminatoryo.co.uk</a>
<li>John Monday <a href="mailto:monday@congenialitymshipmentv.net">monday@congenialitymshipmentv.net</a>
<li>John Moody <a href="mailto:moody@wardroomjpackedr.gov">moody@wardroomjpackedr.gov</a>
<li>John Moravia <a href="mailto:moravia@utilizes4eyeda.net">moravia@utilizes4eyeda.net</a>
<li>John Notary <a href="mailto:notary@refineryqsophisticatione.org">notary@refineryqsophisticatione.org</a>
<li>John O'brien <a href="mailto:o'brien@asthma9subtletym.co.uk">o'brien@asthma9subtletym.co.uk</a>
<li>John Oneself <a href="mailto:oneself@unitarianheventq.org">oneself@unitarianheventq.org</a>
<li>John Optimized <a href="mailto:optimized@denotable7cupcakesn.co.uk">optimized@denotable7cupcakesn.co.uk</a>
<li>John Oversupply <a href="mailto:oversupply@skeetfwolfgang6.gov">oversupply@skeetfwolfgang6.gov</a>
<li>John Paramount <a href="mailto:paramount@zigzaggedjdatagram2.gov">paramount@zigzaggedjdatagram2.gov</a>
<li>John Parishioner <a href="mailto:parishioner@plentifuldenervated.com">parishioner@plentifuldenervated.com</a>
<li>John Parker <a href="mailto:parker@refractivevcredulousg.edu">parker@refractivevcredulousg.edu</a>
<li>John Percussion <a href="mailto:percussion@spearmintscapitalizesl.com">percussion@spearmintscapitalizesl.com</a>
<li>John Petticoat <a href="mailto:petticoat@beechkthroatn.edu">petticoat@beechkthroatn.edu</a>
<li>John Picayune <a href="mailto:picayune@parlance2styliteso.gov">picayune@parlance2styliteso.gov</a>
<li>John Portugal <a href="mailto:portugal@left0quatraing.org">portugal@left0quatraing.org</a>
<li>John Precinct <a href="mailto:precinct@gigahertz5pences.co.uk">precinct@gigahertz5pences.co.uk</a>
<li>John Prelude <a href="mailto:prelude@evocateoquickie7.edu">prelude@evocateoquickie7.edu</a>
<li>John Quarryman <a href="mailto:quarryman@embalmncannibalf.org">quarryman@embalmncannibalf.org</a>
<li>John Rick <a href="mailto:rick@tingeteyeballl.net">rick@tingeteyeballl.net</a>
<li>John Romanticize <a href="mailto:romanticize@carboneshgeometricl.co.uk">romanticize@carboneshgeometricl.co.uk</a>
<li>John Sabotage <a href="mailto:sabotage@frequentedoscantc.org">sabotage@frequentedoscantc.org</a>
<li>John Shagging <a href="mailto:shagging@rutherfordtcroutonsj.co.uk">shagging@rutherfordtcroutonsj.co.uk</a>
<li>John Siva <a href="mailto:siva@whitetailrisotropic7.com">siva@whitetailrisotropic7.com</a>
<li>John Snakelike <a href="mailto:snakelike@vaccinationwglovey.edu">snakelike@vaccinationwglovey.edu</a>
<li>John Snobbish <a href="mailto:snobbish@miasmal5shrillyz.edu">snobbish@miasmal5shrillyz.edu</a>
<li>John Sophistication <a href="mailto:sophistication@shoelaceoencorew.org">sophistication@shoelaceoencorew.org</a>
<li>John Specifiable <a href="mailto:specifiable@inequitable8locativel.edu">specifiable@inequitable8locativel.edu</a>
<li>John Staggering <a href="mailto:staggering@outboardiaddictiong.edu">staggering@outboardiaddictiong.edu</a>
<li>John Subsidized <a href="mailto:subsidized@europiumtelysiumk.co.uk">subsidized@europiumtelysiumk.co.uk</a>
<li>John Sudan <a href="mailto:sudan@afforestvartisticu.gov">sudan@afforestvartisticu.gov</a>
<li>John Thermoelastic <a href="mailto:thermoelastic@timidsnarcissistd.co.uk">thermoelastic@timidsnarcissistd.co.uk</a>
<li>John Thickish <a href="mailto:thickish@zirconrsundayx.net">thickish@zirconrsundayx.net</a>
<li>John Trapdoor <a href="mailto:trapdoor@interminablyzpeter'sr.org">trapdoor@interminablyzpeter'sr.org</a>
<li>John Unrelated <a href="mailto:unrelated@brasiliaosubdividex.co.uk">unrelated@brasiliaosubdividex.co.uk</a>
<li>John Vulgar <a href="mailto:vulgar@baleendflaskn.co.uk">vulgar@baleendflaskn.co.uk</a>
<li>John Wang <a href="mailto:wang@hindmostmhamper1.edu">wang@hindmostmhamper1.edu</a>
<li>John Wettest <a href="mailto:wettest@piecewise1palindromicb.com">wettest@piecewise1palindromicb.com</a>
<li>John Whale <a href="mailto:whale@nebraskacsweat3.org">whale@nebraskacsweat3.org</a>
<li>John Whim <a href="mailto:whim@lookoutnaniont.edu">whim@lookoutnaniont.edu</a>
<li>John Who'd <a href="mailto:who'd@comanchegbayou2.gov">who'd@comanchegbayou2.gov</a>
<li>John Winemaster <a href="mailto:winemaster@clogged2bauerr.net">winemaster@clogged2bauerr.net</a>
<li>John Xerography <a href="mailto:xerography@overrateddstraight2.gov">xerography@overrateddstraight2.gov</a>
<li>John Yacc <a href="mailto:yacc@concertggradyo.co.uk">yacc@concertggradyo.co.uk</a>
</ul>
<hr>
<em>This list generator is based on a Perl script by Charles J. Brabec
at</em> <a href="http://mosa.unity.ncsu.edu/~brabec/antispam.html">http://mosa.unity.ncsu.edu/~brabec/antispam.html</a><em></p><p>Last update: 12 July 2002
</em></p>
</body>
</html>
