ID=G0075
URL=http://www-obs.univ-lyon1.fr/~prugniel/gdr/liste.html
SIZE=34048
DATE=09/07/2002
TIME=16:15:52
DATASET=Astronomy
HTML=<html>
<head>
 <title>Programme National Galaxies</title>
</head>

<body bgcolor="#F7E0BF" text="#000000">
<img src = "/images/rainb_line.gif" alt=" " width=100% height=3> 

<table width=100%>
<tr><td align=left><big>Programme<br>National</big></td>
    <td align=middle><img src=/~prugniel/img/galaxies-anim.gif width=196 height=120 alt="*"></td>
    <td align=right>CNRS </td></tr>
</table>
<img src = "/images/rainb_line.gif" alt=" " width=100% height=3> 


Sommaire
<ul>
<li><a href=#chercheurs>Liste des Chercheurs</a>
<li><a href=#labo>Liste des Laboratoires</a>
</ul>
Cette page donne des indications sur les laboratoires d'appartenance et
les adresses electroniques. 
Elle fournit des liens vers les pages d'accueil
individuelles et celles des laboratoires.

Certaines informations peuvent &ecirc;tre manquantes, 
&eacute;rron&eacute;es ou p&eacute;rim&eacute;es. Pri&egrave;re
de m'en 
<a href=mailto:prugniel@obs.univ-lyon1.fr>informer</a> de mani&egrave;re 
&agrave; faire 
les corrections n&eacute;cessaires.<br>
Vous pouvez obtenir <a href=divers/liste.txt>ici</a> la liste de distribution
du courrier electronique du PNG.<br>

<center><table width=70% bgcolor=%FFFFFF >
<td>L'inscription sur cette liste est ouverte aux astronomes travaillant
dans un observatoire Fran&ccedil;ais, en &eacute;tant d&eacute;tach&eacute;
ou aux &eacute;tudiants et postdocs issus d'un de ces laboratoires. <br>
Envoyez donc un 
<a href=mailto:prugniel@obs.univ-lyon1.fr>mail </a> pour vous inscrire!
</table></center>

<img src = "/images/rainb_line.gif" alt=" " width=100% height=3> 


<h1><a name=chercheurs>Liste des chercheurs du Groupement de Recherche GALAXIES </a></h1> 

<table>
<tr>
<th align=left>Nom</th>
<th align=left>Laboratoire</th>
<th align=left>e-mail</th>
<tr>
<td>Adam Gilles</td>
<td>CRAL-Observatoire de Lyon</td>
<td><a href="mailto:adam@obs.univ-lyon1.fr">adam@obs.univ-lyon1.fr</a>
<tr>
<td>Adami Christophe</td>
<td>IGRAP-Laboratoire d Astronomie Spatiale
<td><a href="mailto:adami@lilith.astro.nwu.edu">adami@lilith.astro.nwu.edu</a>
<tr>
<td><a href="http://astro.u-strasbg.fr/Obs/POPSTEL/POPSTELL.html">Acker Agnes</a></td>
<td>Observatoire de Strasbourg</td>
<td><a href="mailto:acker@astro.u-strasbg.fr">acker@astro.u-strasbg.fr</a>
<tr>
<td>Alloin Danielle</td>
<td>ESO/Chile et Service d'Astrophysique/CEA Saclay</td>
<td><a href="mailto:dalloin@eso.org">dalloin@eso.org</a>
<tr>
<td>Amram Philippe</td>
<td>Observatoire de Marseille</td>
<td><a href="mailto:amram@observatoire.cnrs-mrs.fr">amram@observatoire.cnrs-mrs.fr</a>
<tr>
<td><a href="http://www.obspm.fr/cgi-bin/whereis?=Angonin">Angonin Marie-Christine</td>
<td>Observatoire de Paris</td>
<td><a href="mailto:angonin@obspm.fr">angonin@obspm.fr</a>
<tr>
<td><a href="http://www.obspm.fr/cgi-bin/whereis?=Arenou">Arenou Fr&eacute;d&eacute;ric</a></td>
<td>DASGAL-Observatoire de Paris</td>
<td>
<tr>
<td><a href="http://alpha0.cnrs-mrs.fr/dynamique/000dyn2.html">Athanassoula Lia</a></td>
<td>Observatoire de Marseille</td>
<td><a href="mailto:lia@observatoire.cnrs-mrs.fr">lia@observatoire.cnrs-mrs.fr</a>
<tr>
<td>Azzopardi Marc</td>
<td>Observatoire de Marseille</td>
<td><a href="mailto:azzopardi@cfht.hawaii.edu">azzopardi@cfht.hawaii.edu</a>
<tr>
<td><a href="http://www-obs.univ-lyon1.fr/tiger/tiger_team.html">Bacon Roland</a></td>
<td>CRAL-Observatoire de Lyon</td>
<td><a href="mailto:bacon@obs.univ-lyon1.fr">bacon@obs.univ-lyon1.fr</a>
<tr>
<td><a href="http://www.obspm.fr/cgi-bin/whereis?=Balkowski">Balkowski Chantal</a></td>
<td>Observatoire de Paris</td>
<td><a href="mailto:balkowsky@obspm.fr">balkowsky@obspm.fr</a>
<tr>
<td>Benoist Christophe</td>
<td>Observatoire de Nice</td>
<td><a href="mailto:Christophe.Benoist@obs-azur.fr">Christophe.Benoist@obs-azur.fr</a>
<tr>
<td>Bergond Gilles</td>
<td>Observatoire de Paris DASGAL-Observatoire de Paris/CAI</td>
<td><a href="mailto:Gilles.Bergond@obspm.fr">Gilles.Bergond@obspm.fr</a>
<tr>
<td>Bienayme Olivier</td>
<td>Observatoire de Strasbourg</td>
<td><a href="mailto:bienayme@astro.u-strasbg.fr">bienayme@astro.u-strasbg.fr</a>
<tr>
<td>Blaizot Jeremy </td>
<td>IAP</td>
<td><a href="mailto:blaizot@iap.fr">blaizot@iap.fr</a>
<tr>
<td><a href="http://www.obspm.fr/cgi-bin/whereis?=Boisse ">Boisse Patrick</a></td>
<td>Observatoire de Paris</td>
<td><a href="mailto:boisse@ensapa.ens.fr">boisse@ensapa.ens.fr</a>
<tr>
<td>Boily Christian </td>
<td>Observatoire de Strasbourg</td>
<td><a href="mailto:cmb@astro.u-strasbg.fr">cmb@astro.u-strasbg.fr</a>
<tr>
<td>Boissier Samuel</td>
<td>IAP</td>
<td><a href="mailto:boissier@iap.fr">boissier@iap.fr</a>
<tr>
<td><a href="http://www.obspm.fr/cgi-bin/whereis?=Boisson">Boisson Catherine</a></td>
<td>Observatoire de Paris</td>
<td><a href="mailto:boisson@obspm.fr">boisson@obspm.fr</a>
<tr>
<td>Boselli Alessandro</td>
<td>Laboratoire d'Astronomie Spatiale</td>
<td><a href="mailto:boselli@astrsp-mrs.fr">boselli@astrsp-mrs.fr</a>
<tr>
<td><a href="http://alpha0.cnrs-mrs.fr/dynamique/000dyn3.html">Bosma Albert</a></td>
<td>Observatoire de Marseille</td>
<td><a href="mailto:bosma@observatoire.cnrs-mrs.fr">bosma@observatoire.cnrs-mrs.fr</a>
<tr>
<td><a href="http://www.obspm.fr/cgi-bin/whereis?=Bottinelli"> Bottinelli Lucie</a></td>
<td>Observatoire de Paris</td>
<td><a href="mailto:bottin@obspm.fr">bottin@obspm.fr</a>
<tr>
<td>Boulanger Francois</td>
<td>Institut d'Astronomie Spatiale</td>
<td><a href="mailto:boulanger@ias.fr">boulanger@ias.fr</a>
<tr>
<td>Boulesteix Jacques</td>
<td>Observatoire de Marseille</td>
<td><a href="mailto:boulesteix@observatoire.cnrs-mrs.fr">boulesteix@observatoire.cnrs-mrs.fr</a>
<tr>
<td>Braine Jonathan</td>
<td>Observatoire de Bordeaux</td>
<td><a href="mailto:braine@observ-u-bordeaux.fr">braine@observ-u-bordeaux.fr</a>
<tr>
<td><a href="http://www.observ.u-bordeaux.fr/public/radio/NBrouillet/intro.html">Brouillet Nathalie</a></td>
<td>Observatoire de Bordeaux</td>
<td><a href="mailto:brouillet@observ.u-bordeaux.fr">brouillet@observ.u-bordeaux.fr</a>
<tr>
<td><a href="http://www.astrsp-mrs.fr/www_root/private/buat.html">Buat Veronique</a></td>
<td>Laboratoire d'Astronomie Spatiale</td>
<td><a href="mailto:buat@astrsp-mrs.fr">buat@astrsp-mrs.fr</a>
<tr>
<td><a href="http://www.astrsp-mrs.fr/www_root/private/burgarella.html">Burgarella Denis</a></td>
<td>Laboratoire d'Astronomie Spatiale</td>
<td><a href="mailto:denis@astrsp-mrs.fr">denis@astrsp-mrs.fr</a>
<tr>
<td><a href="http://www.obspm.fr/cgi-bin/whereis?=Casoli"> Casoli Fabienne</a></td>
<td>Observatoire de Paris</td>
<td><a href="mailto:casoli@obspm.fr">casoli@obspm.fr</a>
<tr>
<td><a href="http://www.obspm.fr/cgi-bin/whereis?=Cayatte">Cayatte Veronique</a></td>
<td>Observatoire de Paris</td>
<td><a href="mailto:cayatte@obspm.fr">cayatte@obspm.fr</a>
<tr>
<td><a href="http://webast.ast.obs-mip.fr/people/corinne/index.html">Charbonnel Corinne  </a>
<td>OMP</td>
<td><a href="mailto:corinne@obs-mip.fr">corinne@obs-mip.fr</a>
<tr>
<td>Charlot Stephane</td>
<td>IAP</td>
<td><a href="mailto:charlot@iap.fr">charlot@iap.fr</a>
<tr>
<td><a href="http://www.astro.cornell.edu/~vassilis">Charmandaris Vassilis</a></td>
<td>Cornell University</td>
<td><a href="mailto:vassilis@astro.cornell.edu">vassilis@astro.cornell.edu</a>
<tr>
<td><a href="http://astro.u-strasbg.fr/~chereul">Chereul Emmanuel</a>
<td>Observatoire de Strasbourg  </td>
<td><a href="mailto:chereul@cdsxb6.u-strasbg.fr">chereul@cdsxb6.u-strasbg.fr</a>
<tr>
<td>Clavel Jean</td>
<td>ESA Vilspa</td>
<td><a href="mailto:jclavel@iso.vilspa.esa.es">jclavel@iso.vilspa.esa.es</a>
<tr>
<td>Clenet Yann</td>
<td>Observatoire de Paris Meudon</td>
<td><a href="yann.clenet@obspm.fr">yann.clenet@obspm.fr</a>
<tr>
<td>Colin Jacques</td>
<td>Observatoire de Nice</td>
<td><a href="mailto:colin@obs-azur.fr">colin@obs-azur.fr</a>
<tr>
<td><a href="http://www.obspm.fr/cgi-bin/whereis?=Collin">Collin Suzy</a></td>
<td>Observatoire de Paris</td>
<td><a href="mailto:Suzy.Collin@obspm.fr">Suzy.Collin@obspm.fr</a>
<tr>
<td><a href="http://www.obspm.fr/departement/demirm/perso/fcombes.html">Combes Francoise</a></td>
<td>Observatoire de Paris</td>
<td><a href="mailto:bottaro@obspm.fr">bottaro@obspm.fr</a>
<tr>
<td>Comte Georges </td>
<td>Observatoire de Marseille</td>
<td><a href="mailto:comte@observatoire.cnrs-mrs.fr">comte@observatoire.cnrs-mrs.fr</a>
<tr>
<td><a href="http://webast.ast.obs-mip.fr/people/contini">Contini Thierry</a></td>
<td>Observatoire Midi-Pyrenees</td>
<td><a href="mailto:contini@ast.obs-mip.fr">contini@ast.obs-mip.fr</a>
<tr>
<td><a href="http://www.obs-besancon.fr/www/publi/suzanne/suzanne.html">Considere Suzanne</a></td>
<td>Observatoire de Besancon</td>
<td><a href="mailto:sc@obs-besancon.fr">sc@obs-besancon.fr</a>
<tr>
<td><a href="http://www.ens-lyon.fr:80/~ycopin/">Copin Yannick</a>
<td>CRAL-Observatoire de Lyon</td>
<td><a href="mailto:ycopin@obs.univ-lyon1.fr">ycopin@obs.univ-lyon1.fr</a></td>
<tr>
<td>Creze Michel</td>
<td>IUP-Vannes</td>
<td><a href="mailto:creze@iu-vannes.fr">creze@iu-vannes.fr</a></td>
<tr>
<td><a href="http://www.obspm.fr/cgi-bin/whereis?=Crifo">Crifo Francoise</a></td>
<td>DASGAL-Observatoire de Paris</td>
<td><a href="mailto:Francoise.Crifo@obspm.fr">Francoise.Crifo@obspm.fr</a>
<tr>
<td><a href="http://webast.ast.obs-mip.fr/people/oczoske/index.html">Czoske Oliver</a></td>
<td>Observatoire Midi-Pyrenees</td>
<td><a href="mailto:oczoske@ast.obs-mip.fr">oczoske@astro.obs-mip.fr</a>
<tr>
<td><a href="http://webast.ast.obs-mip.fr/people/davoust/index.html">Davoust Emmanuel</a></td>
<td>Observatoire Midi-Pyrenees</td>
<td><a href="mailto:davoust@obs-mip.fr">davoust@obs-mip.fr</a>
<tr>
<td>Deharveng Jean-Michel</td>
<td>Laboratoire d'Astronomie Spatiale</td>
<td><a href="mailto:jmd@astrsp-mrs.fr">jmd@astrsp-mrs.fr</a>
<tr>
<td>Deharveng Lise</td>
<td>Observatoire de Marseille</td>
<td><a href="mailto:deharveng@observatoire.cnrs-mrs.fr">deharveng@observatoire.cnrs-mrs.fr</a>
<tr>
<td><a href="http://www.iap.fr/users/dennefel/">Dennefeld Michel </a></td>
<td>IAP</td>
<td><a href="mailto:dennefel@iap.fr">dennefel@iap.fr</a>
<tr>
<td><a href="http://newb6.u-strasbg.fr/~derriere/">Derriere  Sebastien </a></td>
<td>Observatoire de Strasbourg</td>
<td><a href="mailto:derriere@astro.u-strasbg.fr">derriere@astro.u-strasbg.fr</a>
<tr>
<td>Donas Jose</td>
<td>Laboratoire d'Astronomie Spatiale</td>
<td><a href="mailto:donas@astrsp-mrs.fr">donas@astrsp-mrs.fr</a>
<tr>
<td>Dubout Renee</td>
<td>Observatoire de Marseille</td>
<td><a href="mailto:dubout@observatoire.cnrs-mrs.fr">dubout@observatoire.cnrs-mrs.fr</a>
<tr>
<td><a href="http://www.ast.cam.ac.uk/~pduc">Duc Pierre-Alain</a> </td>
<td>University of Cambridge</td>
<td><a href="mailto:paduc@discovery.saclay.cea.fr">paduc@discovery.saclay.cea.fr</a>
<tr>
<td>Ducourant Christine</td>
<td>Observatoire de Bordeaux</td>
<td><a href="mailto:ducouran@observ.u-bordeaux.fr">ducouran@observ.u-bordeaux.fr</a>
<tr>
<td>Durand Sophie </td>
<td>Observatoire de Strasbourg</td>
<td><a href="mailto:durand@astro.u-strasbg.fr">durand@astro.u-strasbg.fr</a></td>
<tr>
<td><a href="http://www.iap.fr/users/durret.html">Durret Florence</a></td>
<td>IAP</td>
<td><a href="mailto:durret@iap.fr">durret@iap.fr</a>
<tr>
<td><a href="http://cdsweb.u-strasbg.fr/people/de.html">Daniel Egret</a></td>
<td>Observatoire de Strasbourg</td>
<td><a href="mailto:egret@newb6.u-strasbg.fr">egret@newb6.u-strasbg.fr</a>
<tr>
<td><a href="http://www-obs.univ-lyon1.fr/~emsellem/">Emsellem Eric </a></td>
<td>CRAL-Observatoire de Lyon</td>
<td><a href="mailto:emsellem@obs.univ-lyon1.fr">emsellem@obs.univ-lyon1.fr</a>
<tr>
<td>Ferrari Chiara</td>
<td>Observatoire de Nice</td>
<td><a href="mailto:ferrari@obs-nice.fr">ferrari@obs-nice.fr</a>
<tr>
<td><a href="http://www.astro.umd.edu/~pierre">Ferruit Pierre</a></td>
<td>University of Maryland</td>
<td><a href="mailto:pierre@astro.umd.edu">pierre@astro.umd.edu</a>
<tr>
<td>Forestini Manuel</td>
<td>Observatoire de Grenoble</td>
<td><a href="mailto:Manuel.Forestini@obs.ujf-grenoble.fr">Manuel.Forestini@obs.ujf-grenoble.fr</a>
<tr>
<td><a href="http://www.obspm.fr/cgi-bin/whereis?=Fort">Fort Bernard</a></td>
<td>Observatoire de Paris</td>
<td><a href="mailto:Bernard.Fort@obspm.fr">Bernard.Fort@obspm.fr</a>
<tr>
<td>Fraix-Burnet Didier</td>
<td>Observatoire de Grenoble</td>
<td><a href="mailto:fraix@obs.ujf-grenoble.fr">fraix@obs.ujf-grenoble.fr</a>
<tr>
<td><a href="http://www.obspm.fr/cgi-bin/whereis?=Francois">Francois Patrick</a></td>
<td>Observatoire de Paris</td>
<td><a href="mailto:patrick@obspm.fr">patrick@obspm.fr</a>
<tr>
<td>Georgelin Yvon</td>
<td>Observatoire de Marseille</td>
<td><a href="mailto:ypgeorgelin@observatoire.cnrs-mrs.fr">ypgeorgelin@observatoire.cnrs-mrs.fr</a>
<tr>
<td>Georgelin Yvonne</td>
<td>Observatoire de Marseille</td>
<td><a href="mailto:ymgeorgelin@observatoire.cnrs-mrs.fr">ymgeorgelin@observatoire.cnrs-mrs.fr</a>
<tr>
<td><a href="http://www.iap.fr/users/gerbal/">Gerbal Daniel</a></td>
<td>IAP</td>
<td><a href="mailto:gerbal@iap.fr">gerbal@iap.fr</a>
<tr>
<td><a href="http://www.obspm.fr/cgi-bin/whereis?=Gerin">Gerin Maryvonne</a></td>
<td>Observatoire de Paris</td>
<td><a href="mailto:gerin@ensapa.ens.fr">gerin@ensapa.ens.fr</a>
<tr>
<td>Giraud Edmond
<td>Observatoire de Marseille</td>
<td><a href="mailto:Edmond.Giraud@observatoire.cnrs-mrs.fr">Edmond.Giraud@observatoire.cnrs-mrs.fr</a>
<tr>
<td><a href="http://www.obspm.fr/cgi-bin/whereis?=Gomez">G&oacute;mez Ana</a></td>
<td>DASGAL-Observatoire de Paris</td>
<td><a href="mailto:Ana.Gomez@obspm.fr">Ana.Gomez@obspm.fr</a>
<tr>
<td><a href="http://www.obspm.fr/cgi-bin/whereis?=Gouguenheim">Gouguenheim Lucienne</a></td>
<td>Observatoire de Paris</td>
<td><a href="mailto:gouguenheim@obspm.fr">gouguenheim@obspm.fr</a>
<tr>
<td>Guelin Michel</td>
<td>IRAM</td>
<td><a href="mailto:guelin@iram.fr">guelin@iram.fr</a>
<tr>
<td>Guilloteau St&eacute;phane</td>
<td>IRAM</td>
<td><a href="mailto:guillote@iram.fr">guillote@iram.fr</a>
<tr>
<td><a href="http://www.obspm.fr/cgi-bin/whereis?=Hammer">Hammer Francois</a></td>
<td>Observatoire de Paris</td>
<td><a href="mailto:hammer@obspm.fr">hammer@obspm.fr</a>
<tr>
<td><a href="http://www.obspm.fr/cgi-bin/whereis?=Haywood">Haywood Misha</a></td>
<td>DASGAL-Observatoire de Paris</td>
<td><a href="mailto:Misha.Haywood@obspm.fr">Misha.Haywood@obspm.fr</a>
<tr>
<td>Heraudeau Philippe</td>
<td>Max-Planck-Institut, Heidelberg</td>
<td><a href="mailto:Heraudeau@mpia-hd.mpg.de">Heraudeau@mpia-hd.mpg.de</a></td>
<tr>
<td><a href="http://www.obspm.fr/cgi-bin/whereis?=Heydari-Malayeri">Heydari-Malayeri Mohammad</a></td>
<td>Observatoire de Paris</td>
<td><a href="mailto:Mohammad.Heydari-Malayeri@obspm.fr">Mohammad.Heydari-Malayeri@obspm.fr</a>
<tr>
<td><a href="http://www.obspm.fr/cgi-bin/whereis?=Hill">Hill Vanessa</a></td>
<td>Observatoire de Paris</td>
<td><a href="mailto:Vanessa.Hill@obspm.fr">Vanessa.Hill@obspm.fr</a>
<tr>
<td><a href="http://www.daec.obspm.fr/~jablonka">Jablonka Pascale</a></td>
<td>Observatoire de Paris</td>
<td><a href="mailto:jablonka@obspm.fr">jablonka@obspm.fr</a>
<tr>
<td>Joguet Benoit </td>
<td>Observatoire de Paris</td>
<td><a href="mailto:bjoguet@eso.org">bjoguet@eso.org</a>
<tr>
<td><a href="http://www.obspm.fr/cgi-bin/whereis?=Joly">Joly Monique</a></td>
<td>Observatoire de Paris</td>
<td><a href="mailto:joly@obspm.fr">joly@obspm.fr</a>
<tr>
<td><a href="http://webast.ast.obs-mip.fr/people/kneib/">Kneib Jean-Paul</a></td>
<td>Observatoire Midi-Pyrenees</td>
<td><a href="mailto:kneib@obs-mip.fr">kneib@obs-mip.fr</a>
<tr>
<td><a href="http://astro.u-strasbg.fr/~koppen/JKHome.html">K&ouml;ppen Joachim </a></td>
<td>Observatoire de Strasbourg
<td><a href="mailto:koppen@astro.u-strasbg.fr">koppen@astro.u-strasbg.fr</a>
<tr>
<td><a href="http://www.iap.fr/users/kunth.html">Kunth Daniel</a></td>
<td>IAP</td>
<td><a href="mailto:kunth@iap.fr">kunth@iap.fr</a>
<tr>
<td>Lai Olivier</td>
<td> Keck Observatory</td>
<td><a href="mailto:olai@keck.hawaii.edu">olai@keck.hawaii.edu</a>
<tr>
<td><a href="http://astro.u-strasbg.fr/Obs/POPSTEL/POPSTELL.html">Lancon Ariane</a></td>
<td>Observatoire de Strasbourg</td>
<td><a href="mailto:lancon@astro.u-strasbg.fr">lancon@astro.u-strasbg.fr</a>

<tr>
<td><a href="http://www.ias.fr/PPERSO/mlanger">Langer Mathieu</a></td>
<td>IAS Orsay</td>
<td><a href="mailto:langer@ias.u-psud.fr">langer@ias.u-psud.fr</a>
<tr>
<td>Lanzoni Barbara </td>
<td>IAP</td>
<td><a href="mailto:lanzoni@iap.fr">lanzoni@iap.fr</a>
<tr>
<td><a href="http://www-star.qmw.ac.uk/~egl/">Lastennet Erwan </a>
<td>QMW College - London</td>
<td><a href="mailto:E.Lastennet@qmw.ac.uk">E.Lastennet@qmw.ac.uk</a>
<tr>
<td>Laurent Olivier</td>
<td>Service d'Astrophysique CEA Saclay</td>
<td><a href="mailto:olaurent@mpe.mpg.de">olaurent@mpe.mpg.de</a>
<tr>
<td><a href="http://webast.ast.obs-mip.fr/people/lebrogne/">Le Borgne Jean-Francois</a></td>
<td>Observatoire Midi-Pyrenees</td>
<td><a href="mailto:leborgne@obs-mip.fr">leborgne@obs-mip.fr</a>
<tr>
<td>Le Borgne Damien </td>
<td>IAP</td>
<td><a href="mailto:leborgne@iap.fr">leborgne@iap.fr</a>
<tr>
<td><a href="http://www.astrsp-mrs.fr/www_root/private/vlebrun/vlebrun.html">Le Brun Vincent</a></td>
<td>Laboratoire d'Astronomie Spatiale</td>
<td><a href="mailto:lebrun@astrsp-mrs.fr">lebrun@astrsp-mrs.fr</a>
<tr>
<td><a href="http://daec.obspm.fr/~lefevre/">Le Fevre Olivier</a></td>
<td>Laboratoire d'Astronomie Spatiale</td>
<td><a href="mailto:lefevre@astrsp-mrs.fr">lefevre@astrsp-mrs.fr</a>
<tr>
<td><a href="http://www.astro.unibas.ch/~lejeune/">Lejeune Thibault</a></td>
<td>Astronomisches Institut, Basel</td>
<td><a href="mailto:lejeune@astro.unibas.ch">lejeune@astro.unibas.ch</a>
<tr>
<td>Lemoine-Busserolle Marie </td>
<td>Observatoire Midi-Pyrenees</td>
<td><a href="mailto:marie.lemoine@ast.obs-mip.fr">marie.lemoine@ast.obs-mip.fr</a></td>
<tr>
<td><a href="http://dsmama.obspm.fr:80/pagesPersonnelles/sleon/steph.html">Leon Stephane</a></td>
<td>Observatoire de Paris DEMIRM</td>
<td><a href="mailto:sleon@mesunb.obspm.fr">sleon@mesunb.obspm.fr</a>
<tr>
<td><a href="http://www.obspm.fr/cgi-bin/whereis?=Lequeux">Lequeux James</a></td>
<td>Observatoire de Paris</td>
<td><a href="mailto:lequeux@mesioa.obspm.fr">lequeux@mesioa.obspm.fr</a>
<tr>
<td>Loinard Laurent
<td>IRAM Grenoble
<td><a href="mailto:loinard@iram.fr">loinard@iram.fr</a>
<tr>
<td><a href="http://www.obspm.fr/cgi-bin/whereis?=Loulergue">Loulergue Michelle</a></td>
<td>Observatoire de Paris</td>
<td><a href="mailto:loulergue@obspm.fr">loulergue@obspm.fr</a>
<tr>
<td>Marcelin Michel</td>
<td>Observatoire de Marseille</td>
<td><a href="mailto:marcelin@observatoire.cnrs-mrs.fr">marcelin@observatoire.cnrs-mrs.fr</a>
<tr>
<td>Madden Suzanne</td>
<td>CEA Saclay</td>
<td><a href="mailto:madden@discovery.saclay.cea.fr">madden@discovery.saclay.cea.fr</a>
<tr>
<td>Marco Olivier
<td>ESO Santiago
<td><a href="mailto:omarco@eso.org">omarco@eso.org</a>
<tr>
<td><a href="http://www.obspm.fr/cgi-bin/whereis?=Martin+J">Martin Jean-Michel</a></td>
<td>Observatoire de Paris</td>
<td><a href="mailto:martin@obspm.fr">martin@obspm.fr</a>
<tr>
<td><a href="http://www.iap.fr/users/gam">Mamon Gary</a> </td>
<td>IAP</td>
<td><a href="mailto:mamon@iap.fr">mamon@iap.fr</a>
<tr>
<td>Masset Frederic </td>
<td>CE-Saclay</td>
<td><a href="mailto:masset@discovery.saclay.cea.fr">masset@discovery.saclay.cea.fr</a>
<tr>
<td>Maurogordato Sophie</td>
<td>Observatoire de la Cote d'Azur</td>
<td><a href="mailto:maurogor@purcell.obs-nice.fr">maurogor@purcell.obs-nice.fr</a>
<tr>
<td>Mauron Nicolas</td>
<td>Montpelier</td>
<td><a href="Nicolas.Mauron@graal.univ-montp2.fr">Nicolas.Mauron@graal.univ-montp2.fr</a>
<tr>
<td><a href="http://www.astrsp-mrs.fr/www_root/private/MAZURE.html">Mazure Alain</a></td>
<td>Laboratoire d'Astronomie Spatiale</td>
<td><a href="mailto:mazure@astrsp-mrs.fr">mazure@astrsp-mrs.fr</a>
<tr>
<td><a href="http://sioo2.obspm.fr/~melchior/vitaf.html">Melchior Anne-Laure</a></td>
<td>DEMIRM-Observatoire de Paris</td>
<td><a href="A.L.Melchior@obspm.fr ">A.L.Melchior@obspm.fr</a>
<tr>
<td><a href="http://www.obspm.fr/cgi-bin/whereis?=Meillon">Meillon Laurent</a></td>
<td>DASGAL-Observatoire de Paris</td>
<td><a href="mailto:Laurent.Meillon@obspm.fr">Laurent.Meillon@obspm.fr</a>
<tr>
<td>Mellier Yannick</td>
<td>Observatoire de Paris</td>
<td><a href="mailto:mellier@iap.fr">mellier@iap.fr</a>
<tr>
<td>Michard Raymond</td>
<td>Observatoire de la Cote d'Azur</td>
<td><a href="mailto:michard@rameau.obs-nice.fr">michard@rameau.obs-nice.fr</a>
<tr>
<td>Milliard Bruno</td>
<td>Laboratoire d'Astronomie Spatiale</td>
<td><a href="mailto:milliard@astrsp-mrs.fr">milliard@astrsp-mrs.fr</a>
<tr>
<td>Mirabel Felix</td>
<td>Service d'Astrophysique CEA Saclay</td>
<td><a href="mailto:mirabel@ariane.saclay.cea.fr">mirabel@ariane.saclay.cea.fr</a>
<tr>
<td><a href="http://www.desargues.univ-lyon1.fr/home/mizony/m.mizony.html">
Mizony Michel</a></td>
<td>Universite de Lyon I</td>
<td><a href="mailto:mizony@desargues.univ-lyon1.fr">mizony@desargues.univ-lyon1.fr</a>
<tr>
<td>Monnet Guy</td>
<td>ESO Garching</td>
<td><a href="mailto:gmonnet@eso.org">gmonnet@eso.org</a>
<tr>
<td>Mouchet Martine</td>
<td>DAEC-Observatoire de Paris</td>
<td><a href="mailto:martine.mouchet@obspm.fr">martine.mouchet@obspm.fr</a>
<tr>
<td>Moy Emmanuel</td>
<td>IAP </td>
<td><a href="mailto:moy@iap.fr">moy@iap.fr</a>
<tr>
<td>Muratorio Gerard</td>
<td>Observatoire de Marseille</td>
<td><a href="mailto:muratorio@observatoire.cnrs-mrs.fr">muratorio@observatoire.cnrs-mrs.fr</a>
<tr>
<td>Ocvirk Pierre </td>
<td>Observatoire de Strasbourg</td>
<td><a href="mailto:ocvirk@astro.u-strasbg.fr">ocvirk@astro.u-strasbg.fr</a>
<tr>
<td>Pacheco Jose</td>
<td>Observatoire de la Cote d'Azur</td>
<td><a href="mailto:pacheco@obs-nice.fr">pacheco@obs-nice.fr</a>
<tr>
<td><a href="http://www.obspm.fr/cgi-bin/whereis?=Palasi">Palasi Julienne</a></td>
<td>DASGAL-Observatoire de Paris</td>
<td><a href="mailto:Julienne.Palasi@obspm.f">Julienne.Palasi@obspm.f</a>
<tr>
<td><a href="http://www-obs.univ-lyon1.fr/leda/leda-team.html">Paturel Georges</td>
<td>CRAL-Observatoire de Lyon</td>
<td><a href="mailto:paturel@obs.univ-lyon1.fr">paturel@obs.univ-lyon1.fr</a>
<tr>
<td><a href="http://www-obs.univ-lyon1.fr/tiger/tiger_team.html">Pecontal Emmanuel</a></td>
<td>CRAL-Observatoire de Lyon</td>
<td><a href="mailto:pecontal@obs.univ-lyon1.fr">pecontal@obs.univ-lyon1.fr</a>
<tr>
<td><a href="http://www.obspm.fr/cgi-bin/whereis?=Pelat">Pelat Didier</a></td>
<td>Observatoire de Paris DAEC</td>
<td><a href="mailto:pelat@daec.obspm.fr">pelat@daec.obspm.fr</a>
<tr>
<td><a href="http://webast.ast.obs-mip.fr/people/roser/">Pello-Descayre Roser</a></td>
<td>Observatoire Midi-Pyrenees</td>
<td><a href="mailto:roser@obs-mip.fr">roser@obs-mip.fr</a>
<tr>
<td>Pequignot Daniel</td>
<td>Observatoire de Paris</td>
<td><a href="mailto:Daniel.Pequignot@obspm.fr">Daniel.Pequignot@obspm.fr</a>
<tr>
<td>Celine Peroux</td>
<td>Trieste</td>
<td><a href="mailto:peroux@ts.astro.it">peroux@ts.astro.it</a>
<tr>
<td>Petitjean Marc </td>
<td>IAP</td>
<td><a href="mailto:petitjean@iap.fr">petitjean@iap.fr</a></td>
<tr>
<td><a href="http://webast.ast.obs-mip.fr/people/picat/">Picat Jean-Pierre</a></td>
<td>Observatoire Midi-Pyrenees</td>
<td><a href="mailto:picat@obs-mip.fr">picat@obs-mip.fr</a>
<tr>
<td><a href="http://www.obs-besancon.fr/publi/picaud/picaud.html">Picaud Sebastien</a></td>
<td>Observatoire de Besancon</td>
<td><a href="picaud@obs-besancon.fr">picaud@obs-besancon.fr</a>
<tr>
<td><a href="http://www.astro.unibas.ch/~pichon/">Pichon Christophe</a></td>
<td>Observatoire de Strasbourg</td>
<td><a href="mailto:pichon@astro.u-strasbg.fr">pichon@astro.u-strasbg.fr</a>
<tr>
<td>Porquet Delphine</td>
<td>Service d'Astrophysique CEA Saclay</td>
<td><a href="mailto:dporquet@cea.fr">dporquet@cea.fr</a></td>
<tr>
<td><a href="http://www.iap.fr/users/prantzos">Prantzos Nicolas</a></td>
<td>IAP</td>
<td><a href="mailto:prantzos@iap.fr">prantzos@iap.fr</a>
<tr>
<td>Proust Dominique </td>
<td>Observatoire de Paris (Meudon)</td>
<td><a href="dominique.proust@obspm.fr">dominique.proust@obspm.fr</a></td>
<tr>
<td><a href="http://www-obs.univ-lyon1.fr/~prugniel/">Prugniel Philippe</a></td>
<td>CRAL-Observatoire de Lyon</td>
<td><a href="mailto:prugniel@obs.univ-lyon1.fr">prugniel@obs.univ-lyon1.fr</a>
<tr>
<td><a href="http://www.isteem.univ-montp2.fr/PERSO/reboul/index.html">Reboul Henri</a></td>
<td>GRAAL Montpellier</td>
<td><a href="mailto:reboulh@graal.univ-montp2.fr">reboulh@graal.univ-montp2.fr</a>
<tr>
<td><a href="http://www.obs-besancon.fr/www/publi/celine/celine.html">Reyl&eacute; C&eacute;line</a></td>
<td>Observatoire de Besancon</td>
<td><a href="mailto:celine@obs-besancon.fr">celine@obs-besancon.fr</a>
<tr>
<td>Reynaud Denis</td>
<td>IRAM Grenoble</td>
<td><a href="mailto:reynaud@iram.fr">reynaud@iram.fr</a>
<tr>
<td>Rocca Brigitte</td>
<td>IAP</td>
<td><a href="mailto:rocca@iap.fr">rocca@iap.fr</a>
<tr>
<td><a href="http://www.obspm.fr/cgi-bin/whereis?=Robichon">Robichon No&ecirc;l</a></td>
<td>DASGAL-Observatoire de Paris</td>
<td><a href="mailto:Noel.Robichon@obspm.fr">Noel.Robichon@obspm.fr</a>
<tr>
<td><a href="http://www.obs-besancon.fr/www/publi/annie/annie.html">Robin Annie</a></td>
<td>Observatoire de Besancon</td>
<td><a href="mailto:robin@obs-besancon.fr">robin@obs-besancon.fr</a>
<tr>
<td>Rouan Daniel</td>
<td></td>
<td><a href="mailto:rouan@obspm.fr">rouan@obspm.fr</a>
<tr>
<td><a href="http://www.iap.fr/users/roukema">Roukema Boudewijn Francois</a></td>
<td>Varsovie et IAP</td>
<td><a href="mailto:roukema@iap.fr">roukema@iap.fr</a>
<tr>
<td><a href="http://www.obspm.fr/cgi-bin/whereis?=Royer">Royer Fr&eacute;d&eacute;ric</a></td>
<td>DASGAL-Observatoire de Paris</td>
<td><a href="mailto:Frederic.Royer@obspm.fr">Frederic.Royer@obspm.fr</a>
<tr>
<td>Russeil Delphine</td>
<td>Observatoire de Marseille</td>
<td><a href="mailto:russeil@obmara.cnrs-mrs.fr">russeil@obmara.cnrs-mrs.fr</a></td>
<tr>
<td><a href="http://www.obspm.fr/cgi-bin/whereis?=Sabas">Sabas Virginie</a></td>
<td>DASGAL-Observatoire de Paris</td>
<td><a href="mailto:Virginie.Sabas@obspm.fr">Virginie.Sabas@obspm.fr</a>
<tr>
<td><a href="http://astro.u-strasbg.fr/~sadat/">Sadat Rachida</a></td>
<td>OMP</td>
<td><a href="mailto:rachida.sadat@ast.obs-mip.fr">rachida.sadat@ast.obs-mip.fr</a>
<tr>
<td>Sancizi Renzo</td>
<td>Kapteyn Institute Groningen</td>
<td><a href="mailto:Sancisi@astro.rug.nl">Sancisi@astro.rug.nl</a>
<tr>
<td>Sauvage Marc</td>
<td>Service d'Astrophysique CEA Saclay</td>
<td><a href="mailto:msauvage@cea.fr">msauvage@cea.fr</a>
<tr>
<td><a href="http://webast.ast.obs-mip.fr/people/schaerer">Schaerer Daniel</a></td>
<td>Observatoire Midi-Pyrenees</td>
<td><a href="mailto:schaerer@obs-mip.fr">schaerer@obs-mip.fr</a>
<tr>
<td>Siebert Arnaud </td>
<td>Observatoire de Strasbourg</td>
<td><a href="mailto:siebert@newb6.u-strasbg.fr">siebert@newb6.u-strasbg.fr</a>
<tr>
<td>Silk Joe </td>
<td>IAP </td>
<td><a href="mailto:Silk@iap.fr">Silk@iap.fr</a>
<tr>
<td><a href="http://www-obs.univ-lyon1.fr/~prugniel/galaxies_team.html">Simien Francois</a></td>
<td>CRAL-Observatoire de Lyon</td>
<td><a href="mailto:simien@obs.univ-lyon1.fr">simien@obs.univ-lyon1.fr</a>
<tr>
<td>Slezak Eric</td>
<td>OCA</td>
<td><a href="mailto:E.Slezak@obs-nice.fr">E.Slezak@obs-nice.fr</a>
<tr>
<td><a href="http://www.obspm.fr/cgi-bin/whereis?=Sol">Sol Helene</a></td>
<td>DARC 
<td><a href="mailto:sol@obspm.fr">sol@obspm.fr</a>
<tr>
<td><a href="http://www.observ.u-bordeaux.fr/public/astro/CSO/HomePageCSO.html">Soubiran Caroline</a></td>
<td>Observatoire de  Bordeaux</td>
<td><a href="mailto:Caroline.Soubiran@observ.u-bordeaux.fr">Caroline.Soubiran@observ.u-bordeaux.fr</a>
<tr>
<td><a href="http://webast.ast.obs-mip.fr/people/soucail/">Soucail Genevieve</a></td>
<td>Observatoire Midi-Pyrenees</td>
<td><a href="mailto:soucail@obs-mip.fr">soucail@obs-mip.fr</a>
<tr>
<td><a href="http://www.obspm.fr/cgi-bin/whereis?=Spite+F">Spite Francois</a></td>
<td>Observatoire de Paris</td>
<td><a href="mailto:francois.spite@obspm.fr">francois.spite@obspm.fr</a>
<tr>
<td><a href="http://www.obspm.fr/cgi-bin/whereis?=Spite+M">Spite Monique</a></td>
<td>Observatoire de Paris</td>
<td><a href="mailto:monique.spite@obspm.fr">monique.spite@obspm.fr</a>
<tr>
<td><a href="http://www.obspm.fr/cgi-bin/whereis?=Stasinska">Stasinska Grazyna</a></td>
<td>Observatoire de Paris</td>
<td><a href="mailto:grazyna@obspm.fr">grazyna@obspm.fr</a>
<tr>
<td><a href="http://www.obs-nice.fr/stee/welcome.html">Stee Philippe </a>
<td>Observatoire de la Cote d'Azur</td>
<td><a href="mailto:stee@obs-nice.fr">stee@obs-nice.fr</a>
<tr>
<td><a href="http://www.iap.fr/users/sygnet.html">Sygnet Jean-Francois</a></td>
<td>IAP</td>
<td><a href="mailto:sygnet@iap.fr">sygnet@iap.fr</a>
<tr>
<td><a href="http://hasso.mpia-hd.mpg.de/Surace/surace.html">Surace Christian</a></td>
<td>Max Planck Institute, Heidelberg
<td><a href="mailto:surace@mpia-hd.mpg.de">surace@mpia-hd.mpg.de</a>
<tr>
<td>Tagger Michel</td>
<td>Service d'Astrophysique CEA Saclay</td>
<td><a href="mailto:tagger@cea.fr">tagger@cea.fr</a>
<tr>
<td><a href="http://www.obspm.fr/cgi-bin/whereis?=Testor">Testor Gerard</a></td>
<td>Observatoire de Paris</td>
<td><a href="mailto:testor@obspm.fr">testor@obspm.fr</a>
<tr>
<td>Thevenin Frederic</td>
<td>Observatoire de la Cote d'Azur</td>
<td><a href="mailto:thevenin@rameau.obs-nice.fr">thevenin@rameau.obs-nice.fr</a>
<tr>
<td><a href="http://www.obspm.fr/cgi-bin/whereis?=Turon">Turon Catherine</a></td>
<td>DASGAL-Observatoire de Paris</td>
<td><a href="mailto:Catherine.Turon@obspm.fr">Catherine.Turon@obspm.fr</a>
<tr>
<td><a href="http://www.astrsp-mrs.fr/tresse/">Tresse Laurence</a></td>
<td>Laboratoire d'Astronomie Spatiale</td>
<td><a href="mailto:laurence.tresse@astrsp-mrs.fr">laurence.tresse@astrsp-mrs.fr</a>
<tr>
<td>Treyer Marie-Agnes</td>
<td>Laboratoire d'Astronomie Spatiale</td>
<td><a href="mailto:Marie.Treyer@astrsp-mrs.fr">Marie.Treyer@astrsp-mrs.fr</a>
<tr>
<td>Valls-Gabaud David</td>
<td>Observatoire Midi-Pyrenees</td>
<td><a href="mailto:dvg@ast.obs-mip.fr">dvg@ast.obs-mip.fr</a>
<tr>
<td><a href="http://www.obspm.fr/cgi-bin/whereis?=van+Driel+W">van Driel Wim</a></td>
<td>Observatoire de Paris</td>
<td><a href="mailto:Wim.vanDriel@obspm.fr">Wim.vanDriel@obspm.fr</a>
<tr>
<td><a href="http://www.obspm.fr/cgi-bin/whereis?=Viallefond">Viallefond Francois</a></td>
<td>Observatoire de Paris</td>
<td><a href="mailto:fviallef@obspm.fr">fviallef@obspm.fr</a>
<tr>
<td>Viton Maurice</td>
<td>Laboratoire d'Astronomie Spatiale</td>
<td><a href="mailto:Maurice.Viton@astrsp-mrs.fr">Maurice.Viton@astrsp-mrs.fr</a>
<tr>
<td>Vollmer Bernard</td>
<td>Observatoire de Paris DAEC</td>
<td><a href="mailto:vollmer@marvin.ita.uni-heidelberg.de">vollmer@marvin.ita.uni-heidelberg.de</a></td>
<tr>
<td>Wozniak Herve</td>
<td>Observatoire de Marseille</td>
<td><a href="mailto:wozniak@observatoire.cnrs-mrs.fr">wozniak@observatoire.cnrs-mrs.fr</a>
<tr>
<td>Zappelli Alexandre</td>
<td>Observatoire de Marseille</td>
<td><a href="alexandre.zappelli@astrsp-mrs.fr">alexandre.zappelli@astrsp-mrs.fr</a></td>
</table>

<h1><a name=labo>Liste des laboratoires qui participent au 
Programme National GALAXIES </a></h1> 

<font size=-1>
Note: Cette liste n'inclut pas les Laboratoires etrangers qui hebergent des
chercheurs du PNG
</font>

<table>
<tr>
<td><a href="http://iram.fr/">IRAM</a></td>
<tr>
<td>Observatoire de <a href="http://www.obs-besancon.fr/">Besancon</a></td>
<tr>
<td>Observatoire de <a href="http://www.observ.u-bordeaux.fr">Bordeaux</a></td>
<tr>
<td>Observatoire de la <a href="http://www.obs-nice.fr">Cote d'Azur</a></td>
<tr>
<td>Observatoire de <a href="http://www-laog.obs.ujf-grenoble.fr/">Grenoble</a></td>
<tr>
<td>CRAL-Observatoire de <a href="http://www-obs.univ-lyon1.fr">Lyon</a></td>
<tr>
<td>Observatoire de <a href="http://www-obs.cnrs-mrs.fr/">Marseille</a></td>
<tr>
<td>Observatoire <a href="http://webast.ast.obs-mip.fr/">Midi-Pyrenees</a></td>
<tr>
<td>Observatoire de <a href="http://www.obspm.fr">Paris</a></td>
<tr>
<td>Observatoire de <a href="http://astro.u-strasbg.fr/Obs-e.html">Strasbourg</a></td>
<tr>
<td>Service d'Astrophysique <a href="http://www-dapnia.cea.fr/Phys/Sap/">CEA Saclay</a></td>
<tr>
<td><a href="http://www.eso.org/">ESO</a> Garching</td>
<tr>
<td><a href="http://www.iap.fr">Institut d'Astrophysique de Paris</a></td>
<tr>
<td>Institut d'<a href="http://iscam1.ias.fr/">Astronomie Spatiale</a></td>
<tr>
<td><a href="http://www.astrsp-mrs.fr/">Laboratoire d'Astronomie Spatiale</a></td>
<tr>
<td><a href="http://www.isteem.univ-montp2.fr/GRAAL/">GRAAL</a> Montpelier</td>
<tr>
<td>Observatoire de <a href="http://www.obs-nice.fr/">Nice</a></td>
<tr>
<td><a href="http://www.stsci.edu/">Space Telescope Science Institute</a></td>
<tr>
<td>IUP-Vannes</td>
</table>



<img src = "/images/rainb_line.gif" alt=" " width=100% height=3>
<br>
Date de modification: <script>document.write(document.lastModified)</script>, PhP
<i><a href="mailto:prugniel@obs.univ-lyon1.fr">
prugniel@obs.univ-lyon1.fr</a></i>
<br>
<A HREF = "http://www-obs.univ-lyon1.fr/png"> 
Home
</A>
</BODY>
</HTML>


